benchmark,harness,source_id,task_id,sample_index,outcome,correct,score_status,failure_type,detail
MMMUPro,DirectLLM,mmmu_gemma_directllm,mmmu_pro_test_Architecture_and_Engineering_214,0,failure,False,valid_scored,no_action_events,No model action spans extracted
MMMUPro,DirectLLM,mmmu_gemma_directllm,mmmu_pro_test_Architecture_and_Engineering_266,0,failure,False,valid_scored,no_action_events,No model action spans extracted
MMMUPro,DirectLLM,mmmu_gemma_directllm,mmmu_pro_test_Architecture_and_Engineering_359,0,failure,False,valid_scored,no_action_events,No model action spans extracted
MMMUPro,DirectLLM,mmmu_gemma_directllm,mmmu_pro_test_Architecture_and_Engineering_391,0,failure,False,valid_scored,no_action_events,No model action spans extracted
MMMUPro,DirectLLM,mmmu_gemma_directllm,mmmu_pro_test_Architecture_and_Engineering_395,0,failure,False,valid_scored,no_action_events,No model action spans extracted
MMMUPro,DirectLLM,mmmu_gemma_directllm,mmmu_pro_test_Architecture_and_Engineering_442,0,failure,False,valid_scored,no_action_events,No model action spans extracted
MMMUPro,DirectLLM,mmmu_gemma_directllm,mmmu_pro_test_Architecture_and_Engineering_473,0,failure,False,valid_scored,no_action_events,No model action spans extracted
MMMUPro,DirectLLM,mmmu_gemma_directllm,mmmu_pro_test_Architecture_and_Engineering_503,0,failure,False,valid_scored,no_action_events,No model action spans extracted
MMMUPro,DirectLLM,mmmu_gemma_directllm,mmmu_pro_test_Architecture_and_Engineering_518,0,failure,False,valid_scored,no_action_events,No model action spans extracted
MMMUPro,DirectLLM,mmmu_gemma_directllm,mmmu_pro_test_Architecture_and_Engineering_533,0,failure,False,valid_scored,no_action_events,No model action spans extracted
MMMUPro,DirectLLM,mmmu_gemma_directllm,mmmu_pro_test_Art_12,0,failure,False,valid_scored,no_action_events,No model action spans extracted
MMMUPro,DirectLLM,mmmu_gemma_directllm,mmmu_pro_test_Art_124,0,failure,False,valid_scored,no_action_events,No model action spans extracted
MMMUPro,DirectLLM,mmmu_gemma_directllm,mmmu_pro_test_Basic_Medical_Science_181,0,failure,False,valid_scored,no_action_events,No model action spans extracted
MMMUPro,DirectLLM,mmmu_gemma_directllm,mmmu_pro_test_Biology_138,0,failure,False,valid_scored,no_action_events,No model action spans extracted
MMMUPro,DirectLLM,mmmu_gemma_directllm,mmmu_pro_test_Biology_259,0,failure,False,valid_scored,no_action_events,No model action spans extracted
MMMUPro,DirectLLM,mmmu_gemma_directllm,mmmu_pro_test_Biology_267,0,failure,False,valid_scored,no_action_events,No model action spans extracted
MMMUPro,DirectLLM,mmmu_gemma_directllm,mmmu_pro_test_Chemistry_240,0,failure,False,valid_scored,no_action_events,No model action spans extracted
MMMUPro,DirectLLM,mmmu_gemma_directllm,mmmu_pro_test_Chemistry_40,0,failure,False,valid_scored,no_action_events,No model action spans extracted
MMMUPro,DirectLLM,mmmu_gemma_directllm,mmmu_pro_test_Chemistry_43,0,failure,False,valid_scored,no_action_events,No model action spans extracted
MMMUPro,DirectLLM,mmmu_gemma_directllm,mmmu_pro_test_Chemistry_461,0,failure,False,valid_scored,no_action_events,No model action spans extracted
MMMUPro,DirectLLM,mmmu_gemma_directllm,mmmu_pro_test_Chemistry_546,0,failure,False,valid_scored,no_action_events,No model action spans extracted
MMMUPro,DirectLLM,mmmu_gemma_directllm,mmmu_pro_test_Chemistry_560,0,failure,False,valid_scored,no_action_events,No model action spans extracted
MMMUPro,DirectLLM,mmmu_gemma_directllm,mmmu_pro_test_Chemistry_96,0,failure,False,valid_scored,no_action_events,No model action spans extracted
MMMUPro,DirectLLM,mmmu_gemma_directllm,mmmu_pro_test_Clinical_Medicine_108,0,failure,False,valid_scored,no_action_events,No model action spans extracted
MMMUPro,DirectLLM,mmmu_gemma_directllm,mmmu_pro_test_Clinical_Medicine_33,0,failure,False,valid_scored,no_action_events,No model action spans extracted
MMMUPro,DirectLLM,mmmu_gemma_directllm,mmmu_pro_test_Computer_Science_307,0,failure,False,valid_scored,no_action_events,No model action spans extracted
MMMUPro,DirectLLM,mmmu_gemma_directllm,mmmu_pro_test_Design_18,0,failure,False,valid_scored,no_action_events,No model action spans extracted
MMMUPro,DirectLLM,mmmu_gemma_directllm,mmmu_pro_test_Diagnostics_and_Laboratory_Medicine_147,0,failure,False,valid_scored,no_action_events,No model action spans extracted
MMMUPro,DirectLLM,mmmu_gemma_directllm,mmmu_pro_test_Economics_85,0,failure,False,valid_scored,no_action_events,No model action spans extracted
MMMUPro,DirectLLM,mmmu_gemma_directllm,mmmu_pro_test_Electronics_108,0,failure,False,valid_scored,no_action_events,No model action spans extracted
MMMUPro,DirectLLM,mmmu_gemma_directllm,mmmu_pro_test_Electronics_135,0,failure,False,valid_scored,no_action_events,No model action spans extracted
MMMUPro,DirectLLM,mmmu_gemma_directllm,mmmu_pro_test_Electronics_137,0,failure,False,valid_scored,no_action_events,No model action spans extracted
MMMUPro,DirectLLM,mmmu_gemma_directllm,mmmu_pro_test_Electronics_149,0,failure,False,valid_scored,no_action_events,No model action spans extracted
MMMUPro,DirectLLM,mmmu_gemma_directllm,mmmu_pro_test_Electronics_16,0,failure,False,valid_scored,no_action_events,No model action spans extracted
MMMUPro,DirectLLM,mmmu_gemma_directllm,mmmu_pro_test_Electronics_171,0,failure,False,valid_scored,no_action_events,No model action spans extracted
MMMUPro,DirectLLM,mmmu_gemma_directllm,mmmu_pro_test_Electronics_172,0,failure,False,valid_scored,no_action_events,No model action spans extracted
MMMUPro,DirectLLM,mmmu_gemma_directllm,mmmu_pro_test_Electronics_178,0,failure,False,valid_scored,no_action_events,No model action spans extracted
MMMUPro,DirectLLM,mmmu_gemma_directllm,mmmu_pro_test_Electronics_18,0,failure,False,valid_scored,no_action_events,No model action spans extracted
MMMUPro,DirectLLM,mmmu_gemma_directllm,mmmu_pro_test_Electronics_207,0,failure,False,valid_scored,no_action_events,No model action spans extracted
MMMUPro,DirectLLM,mmmu_gemma_directllm,mmmu_pro_test_Electronics_247,0,failure,False,valid_scored,no_action_events,No model action spans extracted
MMMUPro,DirectLLM,mmmu_gemma_directllm,mmmu_pro_test_Electronics_252,0,failure,False,valid_scored,no_action_events,No model action spans extracted
MMMUPro,DirectLLM,mmmu_gemma_directllm,mmmu_pro_test_Electronics_49,0,failure,False,valid_scored,no_action_events,No model action spans extracted
MMMUPro,DirectLLM,mmmu_gemma_directllm,mmmu_pro_test_Electronics_6,0,failure,False,valid_scored,no_action_events,No model action spans extracted
MMMUPro,DirectLLM,mmmu_gemma_directllm,mmmu_pro_test_Energy_and_Power_16,0,failure,False,valid_scored,no_action_events,No model action spans extracted
MMMUPro,DirectLLM,mmmu_gemma_directllm,mmmu_pro_test_Energy_and_Power_192,0,failure,False,valid_scored,no_action_events,No model action spans extracted
MMMUPro,DirectLLM,mmmu_gemma_directllm,mmmu_pro_test_Energy_and_Power_276,0,failure,False,valid_scored,no_action_events,No model action spans extracted
MMMUPro,DirectLLM,mmmu_gemma_directllm,mmmu_pro_test_Finance_238,0,failure,False,valid_scored,no_action_events,No model action spans extracted
MMMUPro,DirectLLM,mmmu_gemma_directllm,mmmu_pro_test_Finance_77,0,failure,False,valid_scored,no_action_events,No model action spans extracted
MMMUPro,DirectLLM,mmmu_gemma_directllm,mmmu_pro_test_Geography_14,0,failure,False,valid_scored,no_action_events,No model action spans extracted
MMMUPro,DirectLLM,mmmu_gemma_directllm,mmmu_pro_test_Geography_222,0,failure,False,valid_scored,no_action_events,No model action spans extracted
MMMUPro,DirectLLM,mmmu_gemma_directllm,mmmu_pro_test_Geography_252,0,failure,False,valid_scored,no_action_events,No model action spans extracted
MMMUPro,DirectLLM,mmmu_gemma_directllm,mmmu_pro_test_Geography_492,0,failure,False,valid_scored,no_action_events,No model action spans extracted
MMMUPro,DirectLLM,mmmu_gemma_directllm,mmmu_pro_test_Literature_40,0,failure,False,valid_scored,no_action_events,No model action spans extracted
MMMUPro,DirectLLM,mmmu_gemma_directllm,mmmu_pro_test_Manage_202,0,failure,False,valid_scored,no_action_events,No model action spans extracted
MMMUPro,DirectLLM,mmmu_gemma_directllm,mmmu_pro_test_Manage_31,0,failure,False,valid_scored,no_action_events,No model action spans extracted
MMMUPro,DirectLLM,mmmu_gemma_directllm,mmmu_pro_test_Marketing_64,0,failure,False,valid_scored,no_action_events,No model action spans extracted
MMMUPro,DirectLLM,mmmu_gemma_directllm,mmmu_pro_test_Marketing_69,0,failure,False,valid_scored,no_action_events,No model action spans extracted
MMMUPro,DirectLLM,mmmu_gemma_directllm,mmmu_pro_test_Marketing_72,0,failure,False,valid_scored,no_action_events,No model action spans extracted
MMMUPro,DirectLLM,mmmu_gemma_directllm,mmmu_pro_test_Marketing_98,0,failure,False,valid_scored,no_action_events,No model action spans extracted
MMMUPro,DirectLLM,mmmu_gemma_directllm,mmmu_pro_test_Materials_230,0,failure,False,valid_scored,no_action_events,No model action spans extracted
MMMUPro,DirectLLM,mmmu_gemma_directllm,mmmu_pro_test_Materials_239,0,failure,False,valid_scored,no_action_events,No model action spans extracted
MMMUPro,DirectLLM,mmmu_gemma_directllm,mmmu_pro_test_Materials_314,0,failure,False,valid_scored,no_action_events,No model action spans extracted
MMMUPro,DirectLLM,mmmu_gemma_directllm,mmmu_pro_test_Materials_392,0,failure,False,valid_scored,no_action_events,No model action spans extracted
MMMUPro,DirectLLM,mmmu_gemma_directllm,mmmu_pro_test_Materials_450,0,failure,False,valid_scored,no_action_events,No model action spans extracted
MMMUPro,DirectLLM,mmmu_gemma_directllm,mmmu_pro_test_Materials_98,0,failure,False,valid_scored,no_action_events,No model action spans extracted
MMMUPro,DirectLLM,mmmu_gemma_directllm,mmmu_pro_test_Math_122,0,failure,False,valid_scored,no_action_events,No model action spans extracted
MMMUPro,DirectLLM,mmmu_gemma_directllm,mmmu_pro_test_Math_19,0,failure,False,valid_scored,no_action_events,No model action spans extracted
MMMUPro,DirectLLM,mmmu_gemma_directllm,mmmu_pro_test_Mechanical_Engineering_173,0,failure,False,valid_scored,no_action_events,No model action spans extracted
MMMUPro,DirectLLM,mmmu_gemma_directllm,mmmu_pro_test_Mechanical_Engineering_203,0,failure,False,valid_scored,no_action_events,No model action spans extracted
MMMUPro,DirectLLM,mmmu_gemma_directllm,mmmu_pro_test_Mechanical_Engineering_230,0,failure,False,valid_scored,no_action_events,No model action spans extracted
MMMUPro,DirectLLM,mmmu_gemma_directllm,mmmu_pro_test_Mechanical_Engineering_382,0,failure,False,valid_scored,no_action_events,No model action spans extracted
MMMUPro,DirectLLM,mmmu_gemma_directllm,mmmu_pro_test_Mechanical_Engineering_392,0,failure,False,valid_scored,no_action_events,No model action spans extracted
MMMUPro,DirectLLM,mmmu_gemma_directllm,mmmu_pro_test_Music_103,0,failure,False,valid_scored,no_action_events,No model action spans extracted
MMMUPro,DirectLLM,mmmu_gemma_directllm,mmmu_pro_test_Music_127,0,failure,False,valid_scored,no_action_events,No model action spans extracted
MMMUPro,DirectLLM,mmmu_gemma_directllm,mmmu_pro_test_Music_134,0,failure,False,valid_scored,no_action_events,No model action spans extracted
MMMUPro,DirectLLM,mmmu_gemma_directllm,mmmu_pro_test_Music_209,0,failure,False,valid_scored,no_action_events,No model action spans extracted
MMMUPro,DirectLLM,mmmu_gemma_directllm,mmmu_pro_test_Music_299,0,failure,False,valid_scored,no_action_events,No model action spans extracted
MMMUPro,DirectLLM,mmmu_gemma_directllm,mmmu_pro_test_Music_322,0,failure,False,valid_scored,no_action_events,No model action spans extracted
MMMUPro,DirectLLM,mmmu_gemma_directllm,mmmu_pro_test_Music_53,0,failure,False,valid_scored,no_action_events,No model action spans extracted
MMMUPro,DirectLLM,mmmu_gemma_directllm,mmmu_pro_test_Music_70,0,failure,False,valid_scored,no_action_events,No model action spans extracted
MMMUPro,DirectLLM,mmmu_gemma_directllm,mmmu_pro_test_Pharmacy_246,0,failure,False,valid_scored,no_action_events,No model action spans extracted
MMMUPro,DirectLLM,mmmu_gemma_directllm,mmmu_pro_test_Pharmacy_35,0,failure,False,valid_scored,no_action_events,No model action spans extracted
MMMUPro,DirectLLM,mmmu_gemma_directllm,mmmu_pro_test_Pharmacy_393,0,failure,False,valid_scored,no_action_events,No model action spans extracted
MMMUPro,DirectLLM,mmmu_gemma_directllm,mmmu_pro_test_Physics_16,0,failure,False,valid_scored,no_action_events,No model action spans extracted
MMMUPro,DirectLLM,mmmu_gemma_directllm,mmmu_pro_test_Physics_214,0,failure,False,valid_scored,no_action_events,No model action spans extracted
MMMUPro,DirectLLM,mmmu_gemma_directllm,mmmu_pro_test_Physics_30,0,failure,False,valid_scored,no_action_events,No model action spans extracted
MMMUPro,DirectLLM,mmmu_gemma_directllm,mmmu_pro_test_Physics_359,0,failure,False,valid_scored,no_action_events,No model action spans extracted
MMMUPro,DirectLLM,mmmu_gemma_directllm,mmmu_pro_test_Physics_40,0,failure,False,valid_scored,no_action_events,No model action spans extracted
MMMUPro,DirectLLM,mmmu_gemma_directllm,mmmu_pro_test_Public_Health_169,0,failure,False,valid_scored,no_action_events,No model action spans extracted
MMMUPro,DirectLLM,mmmu_gemma_directllm,mmmu_pro_test_Public_Health_248,0,failure,False,valid_scored,no_action_events,No model action spans extracted
MMMUPro,DirectLLM,mmmu_gemma_directllm,mmmu_pro_validation_Accounting_15,0,failure,False,valid_scored,no_action_events,No model action spans extracted
MMMUPro,DirectLLM,mmmu_gemma_directllm,mmmu_pro_validation_Accounting_5,0,failure,False,valid_scored,no_action_events,No model action spans extracted
MMMUPro,DirectLLM,mmmu_gemma_directllm,mmmu_pro_validation_Art_Theory_16,0,failure,False,valid_scored,no_action_events,No model action spans extracted
MMMUPro,DirectLLM,mmmu_gemma_directllm,mmmu_pro_validation_Biology_22,0,failure,False,valid_scored,no_action_events,No model action spans extracted
MMMUPro,DirectLLM,mmmu_gemma_directllm,mmmu_pro_validation_Chemistry_12,0,failure,False,valid_scored,no_action_events,No model action spans extracted
MMMUPro,DirectLLM,mmmu_gemma_directllm,mmmu_pro_validation_Chemistry_17,0,failure,False,valid_scored,no_action_events,No model action spans extracted
MMMUPro,DirectLLM,mmmu_gemma_directllm,mmmu_pro_validation_Chemistry_26,0,failure,False,valid_scored,no_action_events,No model action spans extracted
MMMUPro,DirectLLM,mmmu_gemma_directllm,mmmu_pro_validation_Chemistry_29,0,failure,False,valid_scored,no_action_events,No model action spans extracted
MMMUPro,DirectLLM,mmmu_gemma_directllm,mmmu_pro_validation_Chemistry_5,0,failure,False,valid_scored,no_action_events,No model action spans extracted
MMMUPro,DirectLLM,mmmu_gemma_directllm,mmmu_pro_validation_Computer_Science_1,0,failure,False,valid_scored,no_action_events,No model action spans extracted
MMMUPro,DirectLLM,mmmu_gemma_directllm,mmmu_pro_validation_Computer_Science_11,0,failure,False,valid_scored,no_action_events,No model action spans extracted
MMMUPro,DirectLLM,mmmu_gemma_directllm,mmmu_pro_validation_Computer_Science_2,0,failure,False,valid_scored,no_action_events,No model action spans extracted
MMMUPro,DirectLLM,mmmu_gemma_directllm,mmmu_pro_validation_Diagnostics_and_Laboratory_Medicine_24,0,failure,False,valid_scored,no_action_events,No model action spans extracted
MMMUPro,DirectLLM,mmmu_gemma_directllm,mmmu_pro_validation_Electronics_17,0,failure,False,valid_scored,no_action_events,No model action spans extracted
MMMUPro,DirectLLM,mmmu_gemma_directllm,mmmu_pro_validation_Electronics_7,0,failure,False,valid_scored,no_action_events,No model action spans extracted
MMMUPro,DirectLLM,mmmu_gemma_directllm,mmmu_pro_validation_Energy_and_Power_8,0,failure,False,valid_scored,no_action_events,No model action spans extracted
MMMUPro,DirectLLM,mmmu_gemma_directllm,mmmu_pro_validation_Finance_14,0,failure,False,valid_scored,no_action_events,No model action spans extracted
MMMUPro,DirectLLM,mmmu_gemma_directllm,mmmu_pro_validation_Finance_21,0,failure,False,valid_scored,no_action_events,No model action spans extracted
MMMUPro,DirectLLM,mmmu_gemma_directllm,mmmu_pro_validation_Geography_1,0,failure,False,valid_scored,no_action_events,No model action spans extracted
MMMUPro,DirectLLM,mmmu_gemma_directllm,mmmu_pro_validation_Marketing_12,0,failure,False,valid_scored,no_action_events,No model action spans extracted
MMMUPro,DirectLLM,mmmu_gemma_directllm,mmmu_pro_validation_Materials_11,0,failure,False,valid_scored,no_action_events,No model action spans extracted
MMMUPro,DirectLLM,mmmu_gemma_directllm,mmmu_pro_validation_Materials_17,0,failure,False,valid_scored,no_action_events,No model action spans extracted
MMMUPro,DirectLLM,mmmu_gemma_directllm,mmmu_pro_validation_Materials_19,0,failure,False,valid_scored,no_action_events,No model action spans extracted
MMMUPro,DirectLLM,mmmu_gemma_directllm,mmmu_pro_validation_Materials_22,0,failure,False,valid_scored,no_action_events,No model action spans extracted
MMMUPro,DirectLLM,mmmu_gemma_directllm,mmmu_pro_validation_Materials_3,0,failure,False,valid_scored,no_action_events,No model action spans extracted
MMMUPro,DirectLLM,mmmu_gemma_directllm,mmmu_pro_validation_Materials_4,0,failure,False,valid_scored,no_action_events,No model action spans extracted
MMMUPro,DirectLLM,mmmu_gemma_directllm,mmmu_pro_validation_Materials_6,0,failure,False,valid_scored,no_action_events,No model action spans extracted
MMMUPro,DirectLLM,mmmu_gemma_directllm,mmmu_pro_validation_Materials_7,0,failure,False,valid_scored,no_action_events,No model action spans extracted
MMMUPro,DirectLLM,mmmu_gemma_directllm,mmmu_pro_validation_Math_19,0,failure,False,valid_scored,no_action_events,No model action spans extracted
MMMUPro,DirectLLM,mmmu_gemma_directllm,mmmu_pro_validation_Math_2,0,failure,False,valid_scored,no_action_events,No model action spans extracted
MMMUPro,DirectLLM,mmmu_gemma_directllm,mmmu_pro_validation_Math_20,0,failure,False,valid_scored,no_action_events,No model action spans extracted
MMMUPro,DirectLLM,mmmu_gemma_directllm,mmmu_pro_validation_Math_26,0,failure,False,valid_scored,no_action_events,No model action spans extracted
MMMUPro,DirectLLM,mmmu_gemma_directllm,mmmu_pro_validation_Math_7,0,failure,False,valid_scored,no_action_events,No model action spans extracted
MMMUPro,DirectLLM,mmmu_gemma_directllm,mmmu_pro_validation_Mechanical_Engineering_17,0,failure,False,valid_scored,no_action_events,No model action spans extracted
MMMUPro,DirectLLM,mmmu_gemma_directllm,mmmu_pro_validation_Mechanical_Engineering_2,0,failure,False,valid_scored,no_action_events,No model action spans extracted
MMMUPro,DirectLLM,mmmu_gemma_directllm,mmmu_pro_validation_Mechanical_Engineering_23,0,failure,False,valid_scored,no_action_events,No model action spans extracted
MMMUPro,DirectLLM,mmmu_gemma_directllm,mmmu_pro_validation_Mechanical_Engineering_27,0,failure,False,valid_scored,no_action_events,No model action spans extracted
MMMUPro,DirectLLM,mmmu_gemma_directllm,mmmu_pro_validation_Mechanical_Engineering_8,0,failure,False,valid_scored,no_action_events,No model action spans extracted
MMMUPro,DirectLLM,mmmu_gemma_directllm,mmmu_pro_validation_Music_13,0,failure,False,valid_scored,no_action_events,No model action spans extracted
MMMUPro,DirectLLM,mmmu_gemma_directllm,mmmu_pro_validation_Music_14,0,failure,False,valid_scored,no_action_events,No model action spans extracted
MMMUPro,DirectLLM,mmmu_gemma_directllm,mmmu_pro_validation_Music_16,0,failure,False,valid_scored,no_action_events,No model action spans extracted
MMMUPro,DirectLLM,mmmu_gemma_directllm,mmmu_pro_validation_Music_18,0,failure,False,valid_scored,no_action_events,No model action spans extracted
MMMUPro,DirectLLM,mmmu_gemma_directllm,mmmu_pro_validation_Music_19,0,failure,False,valid_scored,no_action_events,No model action spans extracted
MMMUPro,DirectLLM,mmmu_gemma_directllm,mmmu_pro_validation_Music_20,0,failure,False,valid_scored,no_action_events,No model action spans extracted
MMMUPro,DirectLLM,mmmu_gemma_directllm,mmmu_pro_validation_Music_21,0,failure,False,valid_scored,no_action_events,No model action spans extracted
MMMUPro,DirectLLM,mmmu_gemma_directllm,mmmu_pro_validation_Music_22,0,failure,False,valid_scored,no_action_events,No model action spans extracted
MMMUPro,DirectLLM,mmmu_gemma_directllm,mmmu_pro_validation_Music_23,0,failure,False,valid_scored,no_action_events,No model action spans extracted
MMMUPro,DirectLLM,mmmu_gemma_directllm,mmmu_pro_validation_Music_24,0,failure,False,valid_scored,no_action_events,No model action spans extracted
MMMUPro,DirectLLM,mmmu_gemma_directllm,mmmu_pro_validation_Music_27,0,failure,False,valid_scored,no_action_events,No model action spans extracted
MMMUPro,DirectLLM,mmmu_gemma_directllm,mmmu_pro_validation_Music_28,0,failure,False,valid_scored,no_action_events,No model action spans extracted
MMMUPro,DirectLLM,mmmu_gemma_directllm,mmmu_pro_validation_Music_8,0,failure,False,valid_scored,no_action_events,No model action spans extracted
MMMUPro,DirectLLM,mmmu_gemma_directllm,mmmu_pro_validation_Music_9,0,failure,False,valid_scored,no_action_events,No model action spans extracted
MMMUPro,DirectLLM,mmmu_gemma_directllm,mmmu_pro_validation_Physics_18,0,failure,False,valid_scored,no_action_events,No model action spans extracted
MMMUPro,DirectLLM,mmmu_gemma_directllm,mmmu_pro_validation_Physics_27,0,failure,False,valid_scored,no_action_events,No model action spans extracted
MMMUPro,DirectLLM,mmmu_gemma_directllm,mmmu_pro_validation_Physics_7,0,failure,False,valid_scored,no_action_events,No model action spans extracted
MMMUPro,DirectLLM,mmmu_gemma_directllm,mmmu_pro_validation_Public_Health_24,0,failure,False,valid_scored,no_action_events,No model action spans extracted
MMMUPro,DirectLLM,mmmu_gemma_directllm,mmmu_pro_validation_Public_Health_9,0,failure,False,valid_scored,no_action_events,No model action spans extracted
MMMUPro,OpenCode,mmmu_gemma_opencode,mmmu_pro_test_Agriculture_262,0,failure,False,agent_empty_output,no_action_events,No model action spans extracted
MMMUPro,OpenCode,mmmu_gemma_opencode,mmmu_pro_test_Architecture_and_Engineering_214,0,failure,False,agent_empty_output,no_action_events,No model action spans extracted
MMMUPro,OpenCode,mmmu_gemma_opencode,mmmu_pro_test_Architecture_and_Engineering_359,0,failure,False,agent_empty_output,no_action_events,No model action spans extracted
MMMUPro,OpenCode,mmmu_gemma_opencode,mmmu_pro_test_Architecture_and_Engineering_518,0,failure,False,agent_empty_output,no_action_events,No model action spans extracted
MMMUPro,OpenCode,mmmu_gemma_opencode,mmmu_pro_test_Biology_138,0,failure,False,agent_empty_output,no_action_events,No model action spans extracted
MMMUPro,OpenCode,mmmu_gemma_opencode,mmmu_pro_test_Biology_175,0,failure,False,agent_empty_output,no_action_events,No model action spans extracted
MMMUPro,OpenCode,mmmu_gemma_opencode,mmmu_pro_test_Biology_60,0,failure,False,agent_empty_output,no_action_events,No model action spans extracted
MMMUPro,OpenCode,mmmu_gemma_opencode,mmmu_pro_test_Chemistry_560,0,failure,False,agent_empty_output,no_action_events,No model action spans extracted
MMMUPro,OpenCode,mmmu_gemma_opencode,mmmu_pro_test_Chemistry_96,0,failure,False,agent_empty_output,no_action_events,No model action spans extracted
MMMUPro,OpenCode,mmmu_gemma_opencode,mmmu_pro_test_Clinical_Medicine_33,0,failure,False,agent_empty_output,no_action_events,No model action spans extracted
MMMUPro,OpenCode,mmmu_gemma_opencode,mmmu_pro_test_Computer_Science_164,0,failure,False,agent_empty_output,no_action_events,No model action spans extracted
MMMUPro,OpenCode,mmmu_gemma_opencode,mmmu_pro_test_Computer_Science_39,0,failure,False,agent_empty_output,no_action_events,No model action spans extracted
MMMUPro,OpenCode,mmmu_gemma_opencode,mmmu_pro_test_Computer_Science_61,0,failure,False,agent_empty_output,no_action_events,No model action spans extracted
MMMUPro,OpenCode,mmmu_gemma_opencode,mmmu_pro_test_Computer_Science_89,0,failure,False,agent_empty_output,no_action_events,No model action spans extracted
MMMUPro,OpenCode,mmmu_gemma_opencode,mmmu_pro_test_Economics_195,0,failure,False,agent_empty_output,no_action_events,No model action spans extracted
MMMUPro,OpenCode,mmmu_gemma_opencode,mmmu_pro_test_Economics_85,0,failure,False,agent_empty_output,no_action_events,No model action spans extracted
MMMUPro,OpenCode,mmmu_gemma_opencode,mmmu_pro_test_Electronics_140,0,failure,False,agent_empty_output,no_action_events,No model action spans extracted
MMMUPro,OpenCode,mmmu_gemma_opencode,mmmu_pro_test_Electronics_149,0,failure,False,agent_empty_output,no_action_events,No model action spans extracted
MMMUPro,OpenCode,mmmu_gemma_opencode,mmmu_pro_test_Electronics_178,0,failure,False,agent_empty_output,no_action_events,No model action spans extracted
MMMUPro,OpenCode,mmmu_gemma_opencode,mmmu_pro_test_Electronics_91,0,failure,False,agent_empty_output,no_action_events,No model action spans extracted
MMMUPro,OpenCode,mmmu_gemma_opencode,mmmu_pro_test_Energy_and_Power_192,0,failure,False,agent_empty_output,no_action_events,No model action spans extracted
MMMUPro,OpenCode,mmmu_gemma_opencode,mmmu_pro_test_Finance_241,0,failure,False,agent_empty_output,no_action_events,No model action spans extracted
MMMUPro,OpenCode,mmmu_gemma_opencode,mmmu_pro_test_Geography_191,0,failure,False,agent_empty_output,no_action_events,No model action spans extracted
MMMUPro,OpenCode,mmmu_gemma_opencode,mmmu_pro_test_Geography_518,0,failure,False,agent_empty_output,no_action_events,No model action spans extracted
MMMUPro,OpenCode,mmmu_gemma_opencode,mmmu_pro_test_Manage_202,0,failure,False,agent_empty_output,no_action_events,No model action spans extracted
MMMUPro,OpenCode,mmmu_gemma_opencode,mmmu_pro_test_Materials_173,0,failure,False,agent_empty_output,no_action_events,No model action spans extracted
MMMUPro,OpenCode,mmmu_gemma_opencode,mmmu_pro_test_Materials_327,0,failure,False,agent_empty_output,no_action_events,No model action spans extracted
MMMUPro,OpenCode,mmmu_gemma_opencode,mmmu_pro_test_Materials_450,0,failure,False,agent_empty_output,no_action_events,No model action spans extracted
MMMUPro,OpenCode,mmmu_gemma_opencode,mmmu_pro_test_Math_122,0,failure,False,agent_empty_output,no_action_events,No model action spans extracted
MMMUPro,OpenCode,mmmu_gemma_opencode,mmmu_pro_test_Math_165,0,failure,False,agent_empty_output,no_action_events,No model action spans extracted
MMMUPro,OpenCode,mmmu_gemma_opencode,mmmu_pro_test_Math_390,0,failure,False,agent_empty_output,no_action_events,No model action spans extracted
MMMUPro,OpenCode,mmmu_gemma_opencode,mmmu_pro_test_Math_65,0,failure,False,agent_empty_output,no_action_events,No model action spans extracted
MMMUPro,OpenCode,mmmu_gemma_opencode,mmmu_pro_test_Mechanical_Engineering_173,0,failure,False,agent_empty_output,no_action_events,No model action spans extracted
MMMUPro,OpenCode,mmmu_gemma_opencode,mmmu_pro_test_Mechanical_Engineering_203,0,failure,False,agent_empty_output,no_action_events,No model action spans extracted
MMMUPro,OpenCode,mmmu_gemma_opencode,mmmu_pro_test_Mechanical_Engineering_257,0,failure,False,agent_empty_output,no_action_events,No model action spans extracted
MMMUPro,OpenCode,mmmu_gemma_opencode,mmmu_pro_test_Mechanical_Engineering_96,0,failure,False,agent_empty_output,no_action_events,No model action spans extracted
MMMUPro,OpenCode,mmmu_gemma_opencode,mmmu_pro_test_Music_103,0,failure,False,agent_empty_output,no_action_events,No model action spans extracted
MMMUPro,OpenCode,mmmu_gemma_opencode,mmmu_pro_test_Music_11,0,failure,False,agent_empty_output,no_action_events,No model action spans extracted
MMMUPro,OpenCode,mmmu_gemma_opencode,mmmu_pro_test_Music_134,0,failure,False,agent_empty_output,no_action_events,No model action spans extracted
MMMUPro,OpenCode,mmmu_gemma_opencode,mmmu_pro_test_Music_210,0,failure,False,agent_empty_output,no_action_events,No model action spans extracted
MMMUPro,OpenCode,mmmu_gemma_opencode,mmmu_pro_test_Music_219,0,failure,False,agent_empty_output,no_action_events,No model action spans extracted
MMMUPro,OpenCode,mmmu_gemma_opencode,mmmu_pro_test_Music_299,0,failure,False,agent_empty_output,no_action_events,No model action spans extracted
MMMUPro,OpenCode,mmmu_gemma_opencode,mmmu_pro_test_Music_310,0,failure,False,agent_empty_output,no_action_events,No model action spans extracted
MMMUPro,OpenCode,mmmu_gemma_opencode,mmmu_pro_test_Music_322,0,failure,False,agent_empty_output,no_action_events,No model action spans extracted
MMMUPro,OpenCode,mmmu_gemma_opencode,mmmu_pro_test_Music_333,0,failure,False,agent_empty_output,no_action_events,No model action spans extracted
MMMUPro,OpenCode,mmmu_gemma_opencode,mmmu_pro_test_Music_53,0,failure,False,agent_empty_output,no_action_events,No model action spans extracted
MMMUPro,OpenCode,mmmu_gemma_opencode,mmmu_pro_test_Music_60,0,failure,False,agent_empty_output,no_action_events,No model action spans extracted
MMMUPro,OpenCode,mmmu_gemma_opencode,mmmu_pro_test_Pharmacy_210,0,failure,False,agent_empty_output,no_action_events,No model action spans extracted
MMMUPro,OpenCode,mmmu_gemma_opencode,mmmu_pro_test_Pharmacy_234,0,failure,False,agent_empty_output,no_action_events,No model action spans extracted
MMMUPro,OpenCode,mmmu_gemma_opencode,mmmu_pro_test_Pharmacy_246,0,failure,False,agent_empty_output,no_action_events,No model action spans extracted
MMMUPro,OpenCode,mmmu_gemma_opencode,mmmu_pro_test_Physics_161,0,failure,False,agent_empty_output,no_action_events,No model action spans extracted
MMMUPro,OpenCode,mmmu_gemma_opencode,mmmu_pro_test_Physics_252,0,failure,False,agent_empty_output,no_action_events,No model action spans extracted
MMMUPro,OpenCode,mmmu_gemma_opencode,mmmu_pro_test_Physics_40,0,failure,False,agent_empty_output,no_action_events,No model action spans extracted
MMMUPro,OpenCode,mmmu_gemma_opencode,mmmu_pro_test_Public_Health_248,0,failure,False,agent_empty_output,no_action_events,No model action spans extracted
MMMUPro,OpenCode,mmmu_gemma_opencode,mmmu_pro_validation_Accounting_5,0,failure,False,agent_empty_output,no_action_events,No model action spans extracted
MMMUPro,OpenCode,mmmu_gemma_opencode,mmmu_pro_validation_Biology_4,0,failure,False,agent_empty_output,no_action_events,No model action spans extracted
MMMUPro,OpenCode,mmmu_gemma_opencode,mmmu_pro_validation_Chemistry_12,0,failure,False,agent_empty_output,no_action_events,No model action spans extracted
MMMUPro,OpenCode,mmmu_gemma_opencode,mmmu_pro_validation_Chemistry_29,0,failure,False,agent_empty_output,no_action_events,No model action spans extracted
MMMUPro,OpenCode,mmmu_gemma_opencode,mmmu_pro_validation_Computer_Science_11,0,failure,False,agent_empty_output,no_action_events,No model action spans extracted
MMMUPro,OpenCode,mmmu_gemma_opencode,mmmu_pro_validation_Computer_Science_19,0,failure,False,agent_empty_output,no_action_events,No model action spans extracted
MMMUPro,OpenCode,mmmu_gemma_opencode,mmmu_pro_validation_Electronics_14,0,failure,False,agent_empty_output,no_action_events,No model action spans extracted
MMMUPro,OpenCode,mmmu_gemma_opencode,mmmu_pro_validation_Electronics_7,0,failure,False,agent_empty_output,no_action_events,No model action spans extracted
MMMUPro,OpenCode,mmmu_gemma_opencode,mmmu_pro_validation_Finance_21,0,failure,False,agent_empty_output,no_action_events,No model action spans extracted
MMMUPro,OpenCode,mmmu_gemma_opencode,mmmu_pro_validation_Manage_24,0,failure,False,agent_empty_output,no_action_events,No model action spans extracted
MMMUPro,OpenCode,mmmu_gemma_opencode,mmmu_pro_validation_Materials_19,0,failure,False,agent_empty_output,no_action_events,No model action spans extracted
MMMUPro,OpenCode,mmmu_gemma_opencode,mmmu_pro_validation_Materials_21,0,failure,False,agent_empty_output,no_action_events,No model action spans extracted
MMMUPro,OpenCode,mmmu_gemma_opencode,mmmu_pro_validation_Materials_28,0,failure,False,agent_empty_output,no_action_events,No model action spans extracted
MMMUPro,OpenCode,mmmu_gemma_opencode,mmmu_pro_validation_Math_19,0,failure,False,agent_empty_output,no_action_events,No model action spans extracted
MMMUPro,OpenCode,mmmu_gemma_opencode,mmmu_pro_validation_Math_26,0,failure,False,agent_empty_output,no_action_events,No model action spans extracted
MMMUPro,OpenCode,mmmu_gemma_opencode,mmmu_pro_validation_Mechanical_Engineering_23,0,failure,False,agent_empty_output,no_action_events,No model action spans extracted
MMMUPro,OpenCode,mmmu_gemma_opencode,mmmu_pro_validation_Mechanical_Engineering_26,0,failure,False,agent_empty_output,no_action_events,No model action spans extracted
MMMUPro,OpenCode,mmmu_gemma_opencode,mmmu_pro_validation_Mechanical_Engineering_28,0,failure,False,agent_empty_output,no_action_events,No model action spans extracted
MMMUPro,OpenCode,mmmu_gemma_opencode,mmmu_pro_validation_Mechanical_Engineering_8,0,failure,False,agent_empty_output,no_action_events,No model action spans extracted
MMMUPro,OpenCode,mmmu_gemma_opencode,mmmu_pro_validation_Music_1,0,failure,False,agent_empty_output,no_action_events,No model action spans extracted
MMMUPro,OpenCode,mmmu_gemma_opencode,mmmu_pro_validation_Music_14,0,failure,False,agent_empty_output,no_action_events,No model action spans extracted
MMMUPro,OpenCode,mmmu_gemma_opencode,mmmu_pro_validation_Music_17,0,failure,False,agent_empty_output,no_action_events,No model action spans extracted
MMMUPro,OpenCode,mmmu_gemma_opencode,mmmu_pro_validation_Music_18,0,failure,False,agent_empty_output,no_action_events,No model action spans extracted
MMMUPro,OpenCode,mmmu_gemma_opencode,mmmu_pro_validation_Music_19,0,failure,False,agent_empty_output,no_action_events,No model action spans extracted
MMMUPro,OpenCode,mmmu_gemma_opencode,mmmu_pro_validation_Music_22,0,failure,False,agent_empty_output,no_action_events,No model action spans extracted
MMMUPro,OpenCode,mmmu_gemma_opencode,mmmu_pro_validation_Music_27,0,failure,False,agent_empty_output,no_action_events,No model action spans extracted
MMMUPro,OpenCode,mmmu_gemma_opencode,mmmu_pro_validation_Music_28,0,failure,False,agent_empty_output,no_action_events,No model action spans extracted
MMMUPro,OpenCode,mmmu_gemma_opencode,mmmu_pro_validation_Music_8,0,failure,False,agent_empty_output,no_action_events,No model action spans extracted
MMMUPro,OpenCode,mmmu_gemma_opencode,mmmu_pro_validation_Music_9,0,failure,False,agent_empty_output,no_action_events,No model action spans extracted
MMMUPro,OpenCode,mmmu_gemma_opencode,mmmu_pro_validation_Physics_27,0,failure,False,agent_empty_output,no_action_events,No model action spans extracted
MMMUPro,OpenClaw,mmmu_gemma_openclaw,mmmu_pro_test_Accounting_248,0,unknown,,provider_error,no_action_events,No model action spans extracted
MMMUPro,OpenClaw,mmmu_gemma_openclaw,mmmu_pro_test_Accounting_248,0,unknown,,provider_error,missing_token_length,No n_tokens or completion token fallback
MMMUPro,OpenClaw,mmmu_gemma_openclaw,mmmu_pro_test_Accounting_34,0,unknown,,provider_error,no_action_events,No model action spans extracted
MMMUPro,OpenClaw,mmmu_gemma_openclaw,mmmu_pro_test_Accounting_34,0,unknown,,provider_error,missing_token_length,No n_tokens or completion token fallback
MMMUPro,OpenClaw,mmmu_gemma_openclaw,mmmu_pro_test_Agriculture_165,0,unknown,,provider_error,no_action_events,No model action spans extracted
MMMUPro,OpenClaw,mmmu_gemma_openclaw,mmmu_pro_test_Agriculture_165,0,unknown,,provider_error,missing_token_length,No n_tokens or completion token fallback
MMMUPro,OpenClaw,mmmu_gemma_openclaw,mmmu_pro_test_Agriculture_42,0,unknown,,provider_error,no_action_events,No model action spans extracted
MMMUPro,OpenClaw,mmmu_gemma_openclaw,mmmu_pro_test_Agriculture_42,0,unknown,,provider_error,missing_token_length,No n_tokens or completion token fallback
MMMUPro,OpenClaw,mmmu_gemma_openclaw,mmmu_pro_test_Architecture_and_Engineering_214,0,unknown,,runtime_error,no_action_events,No model action spans extracted
MMMUPro,OpenClaw,mmmu_gemma_openclaw,mmmu_pro_test_Architecture_and_Engineering_266,0,unknown,,runtime_error,no_action_events,No model action spans extracted
MMMUPro,OpenClaw,mmmu_gemma_openclaw,mmmu_pro_test_Architecture_and_Engineering_312,0,unknown,,provider_error,no_action_events,No model action spans extracted
MMMUPro,OpenClaw,mmmu_gemma_openclaw,mmmu_pro_test_Architecture_and_Engineering_312,0,unknown,,provider_error,missing_token_length,No n_tokens or completion token fallback
MMMUPro,OpenClaw,mmmu_gemma_openclaw,mmmu_pro_test_Architecture_and_Engineering_359,0,unknown,,runtime_error,no_action_events,No model action spans extracted
MMMUPro,OpenClaw,mmmu_gemma_openclaw,mmmu_pro_test_Architecture_and_Engineering_391,0,unknown,,runtime_error,no_action_events,No model action spans extracted
MMMUPro,OpenClaw,mmmu_gemma_openclaw,mmmu_pro_test_Architecture_and_Engineering_395,0,unknown,,provider_error,no_action_events,No model action spans extracted
MMMUPro,OpenClaw,mmmu_gemma_openclaw,mmmu_pro_test_Architecture_and_Engineering_395,0,unknown,,provider_error,missing_token_length,No n_tokens or completion token fallback
MMMUPro,OpenClaw,mmmu_gemma_openclaw,mmmu_pro_test_Architecture_and_Engineering_442,0,unknown,,runtime_error,no_action_events,No model action spans extracted
MMMUPro,OpenClaw,mmmu_gemma_openclaw,mmmu_pro_test_Architecture_and_Engineering_473,0,unknown,,runtime_error,no_action_events,No model action spans extracted
MMMUPro,OpenClaw,mmmu_gemma_openclaw,mmmu_pro_test_Architecture_and_Engineering_518,0,unknown,,runtime_error,no_action_events,No model action spans extracted
MMMUPro,OpenClaw,mmmu_gemma_openclaw,mmmu_pro_test_Art_208,0,unknown,,provider_error,no_action_events,No model action spans extracted
MMMUPro,OpenClaw,mmmu_gemma_openclaw,mmmu_pro_test_Art_208,0,unknown,,provider_error,missing_token_length,No n_tokens or completion token fallback
MMMUPro,OpenClaw,mmmu_gemma_openclaw,mmmu_pro_test_Art_24,0,unknown,,provider_error,no_action_events,No model action spans extracted
MMMUPro,OpenClaw,mmmu_gemma_openclaw,mmmu_pro_test_Art_24,0,unknown,,provider_error,missing_token_length,No n_tokens or completion token fallback
MMMUPro,OpenClaw,mmmu_gemma_openclaw,mmmu_pro_test_Basic_Medical_Science_107,0,unknown,,provider_error,no_action_events,No model action spans extracted
MMMUPro,OpenClaw,mmmu_gemma_openclaw,mmmu_pro_test_Basic_Medical_Science_107,0,unknown,,provider_error,missing_token_length,No n_tokens or completion token fallback
MMMUPro,OpenClaw,mmmu_gemma_openclaw,mmmu_pro_test_Basic_Medical_Science_233,0,unknown,,provider_error,no_action_events,No model action spans extracted
MMMUPro,OpenClaw,mmmu_gemma_openclaw,mmmu_pro_test_Basic_Medical_Science_233,0,unknown,,provider_error,missing_token_length,No n_tokens or completion token fallback
MMMUPro,OpenClaw,mmmu_gemma_openclaw,mmmu_pro_test_Biology_138,0,unknown,,runtime_error,no_action_events,No model action spans extracted
MMMUPro,OpenClaw,mmmu_gemma_openclaw,mmmu_pro_test_Biology_156,0,unknown,,provider_error,no_action_events,No model action spans extracted
MMMUPro,OpenClaw,mmmu_gemma_openclaw,mmmu_pro_test_Biology_156,0,unknown,,provider_error,missing_token_length,No n_tokens or completion token fallback
MMMUPro,OpenClaw,mmmu_gemma_openclaw,mmmu_pro_test_Biology_249,0,unknown,,provider_error,no_action_events,No model action spans extracted
MMMUPro,OpenClaw,mmmu_gemma_openclaw,mmmu_pro_test_Biology_249,0,unknown,,provider_error,missing_token_length,No n_tokens or completion token fallback
MMMUPro,OpenClaw,mmmu_gemma_openclaw,mmmu_pro_test_Biology_267,0,unknown,,provider_error,no_action_events,No model action spans extracted
MMMUPro,OpenClaw,mmmu_gemma_openclaw,mmmu_pro_test_Biology_267,0,unknown,,provider_error,missing_token_length,No n_tokens or completion token fallback
MMMUPro,OpenClaw,mmmu_gemma_openclaw,mmmu_pro_test_Biology_321,0,unknown,,runtime_error,no_action_events,No model action spans extracted
MMMUPro,OpenClaw,mmmu_gemma_openclaw,mmmu_pro_test_Chemistry_193,0,unknown,,provider_error,no_action_events,No model action spans extracted
MMMUPro,OpenClaw,mmmu_gemma_openclaw,mmmu_pro_test_Chemistry_193,0,unknown,,provider_error,missing_token_length,No n_tokens or completion token fallback
MMMUPro,OpenClaw,mmmu_gemma_openclaw,mmmu_pro_test_Chemistry_240,0,unknown,,provider_error,no_action_events,No model action spans extracted
MMMUPro,OpenClaw,mmmu_gemma_openclaw,mmmu_pro_test_Chemistry_240,0,unknown,,provider_error,missing_token_length,No n_tokens or completion token fallback
MMMUPro,OpenClaw,mmmu_gemma_openclaw,mmmu_pro_test_Chemistry_326,0,unknown,,provider_error,no_action_events,No model action spans extracted
MMMUPro,OpenClaw,mmmu_gemma_openclaw,mmmu_pro_test_Chemistry_326,0,unknown,,provider_error,missing_token_length,No n_tokens or completion token fallback
MMMUPro,OpenClaw,mmmu_gemma_openclaw,mmmu_pro_test_Chemistry_451,0,unknown,,provider_error,no_action_events,No model action spans extracted
MMMUPro,OpenClaw,mmmu_gemma_openclaw,mmmu_pro_test_Chemistry_451,0,unknown,,provider_error,missing_token_length,No n_tokens or completion token fallback
MMMUPro,OpenClaw,mmmu_gemma_openclaw,mmmu_pro_test_Chemistry_461,0,unknown,,provider_error,no_action_events,No model action spans extracted
MMMUPro,OpenClaw,mmmu_gemma_openclaw,mmmu_pro_test_Chemistry_461,0,unknown,,provider_error,missing_token_length,No n_tokens or completion token fallback
MMMUPro,OpenClaw,mmmu_gemma_openclaw,mmmu_pro_test_Chemistry_555,0,unknown,,provider_error,no_action_events,No model action spans extracted
MMMUPro,OpenClaw,mmmu_gemma_openclaw,mmmu_pro_test_Chemistry_555,0,unknown,,provider_error,missing_token_length,No n_tokens or completion token fallback
MMMUPro,OpenClaw,mmmu_gemma_openclaw,mmmu_pro_test_Chemistry_560,0,unknown,,runtime_error,no_action_events,No model action spans extracted
MMMUPro,OpenClaw,mmmu_gemma_openclaw,mmmu_pro_test_Chemistry_570,0,unknown,,provider_error,no_action_events,No model action spans extracted
MMMUPro,OpenClaw,mmmu_gemma_openclaw,mmmu_pro_test_Chemistry_570,0,unknown,,provider_error,missing_token_length,No n_tokens or completion token fallback
MMMUPro,OpenClaw,mmmu_gemma_openclaw,mmmu_pro_test_Clinical_Medicine_108,0,unknown,,provider_error,no_action_events,No model action spans extracted
MMMUPro,OpenClaw,mmmu_gemma_openclaw,mmmu_pro_test_Clinical_Medicine_108,0,unknown,,provider_error,missing_token_length,No n_tokens or completion token fallback
MMMUPro,OpenClaw,mmmu_gemma_openclaw,mmmu_pro_test_Clinical_Medicine_69,0,unknown,,provider_error,no_action_events,No model action spans extracted
MMMUPro,OpenClaw,mmmu_gemma_openclaw,mmmu_pro_test_Clinical_Medicine_69,0,unknown,,provider_error,missing_token_length,No n_tokens or completion token fallback
MMMUPro,OpenClaw,mmmu_gemma_openclaw,mmmu_pro_test_Computer_Science_120,0,unknown,,provider_error,no_action_events,No model action spans extracted
MMMUPro,OpenClaw,mmmu_gemma_openclaw,mmmu_pro_test_Computer_Science_120,0,unknown,,provider_error,missing_token_length,No n_tokens or completion token fallback
MMMUPro,OpenClaw,mmmu_gemma_openclaw,mmmu_pro_test_Computer_Science_307,0,unknown,,runtime_error,no_action_events,No model action spans extracted
MMMUPro,OpenClaw,mmmu_gemma_openclaw,mmmu_pro_test_Computer_Science_39,0,unknown,,runtime_error,no_action_events,No model action spans extracted
MMMUPro,OpenClaw,mmmu_gemma_openclaw,mmmu_pro_test_Computer_Science_61,0,unknown,,runtime_error,no_action_events,No model action spans extracted
MMMUPro,OpenClaw,mmmu_gemma_openclaw,mmmu_pro_test_Design_119,0,unknown,,provider_error,no_action_events,No model action spans extracted
MMMUPro,OpenClaw,mmmu_gemma_openclaw,mmmu_pro_test_Design_119,0,unknown,,provider_error,missing_token_length,No n_tokens or completion token fallback
MMMUPro,OpenClaw,mmmu_gemma_openclaw,mmmu_pro_test_Design_139,0,unknown,,provider_error,no_action_events,No model action spans extracted
MMMUPro,OpenClaw,mmmu_gemma_openclaw,mmmu_pro_test_Design_139,0,unknown,,provider_error,missing_token_length,No n_tokens or completion token fallback
MMMUPro,OpenClaw,mmmu_gemma_openclaw,mmmu_pro_test_Design_18,0,unknown,,runtime_error,no_action_events,No model action spans extracted
MMMUPro,OpenClaw,mmmu_gemma_openclaw,mmmu_pro_test_Design_48,0,unknown,,provider_error,no_action_events,No model action spans extracted
MMMUPro,OpenClaw,mmmu_gemma_openclaw,mmmu_pro_test_Design_48,0,unknown,,provider_error,missing_token_length,No n_tokens or completion token fallback
MMMUPro,OpenClaw,mmmu_gemma_openclaw,mmmu_pro_test_Design_87,0,unknown,,provider_error,no_action_events,No model action spans extracted
MMMUPro,OpenClaw,mmmu_gemma_openclaw,mmmu_pro_test_Design_87,0,unknown,,provider_error,missing_token_length,No n_tokens or completion token fallback
MMMUPro,OpenClaw,mmmu_gemma_openclaw,mmmu_pro_test_Design_96,0,unknown,,provider_error,no_action_events,No model action spans extracted
MMMUPro,OpenClaw,mmmu_gemma_openclaw,mmmu_pro_test_Design_96,0,unknown,,provider_error,missing_token_length,No n_tokens or completion token fallback
MMMUPro,OpenClaw,mmmu_gemma_openclaw,mmmu_pro_test_Diagnostics_and_Laboratory_Medicine_14,0,unknown,,provider_error,no_action_events,No model action spans extracted
MMMUPro,OpenClaw,mmmu_gemma_openclaw,mmmu_pro_test_Diagnostics_and_Laboratory_Medicine_14,0,unknown,,provider_error,missing_token_length,No n_tokens or completion token fallback
MMMUPro,OpenClaw,mmmu_gemma_openclaw,mmmu_pro_test_Diagnostics_and_Laboratory_Medicine_52,0,unknown,,provider_error,no_action_events,No model action spans extracted
MMMUPro,OpenClaw,mmmu_gemma_openclaw,mmmu_pro_test_Diagnostics_and_Laboratory_Medicine_52,0,unknown,,provider_error,missing_token_length,No n_tokens or completion token fallback
MMMUPro,OpenClaw,mmmu_gemma_openclaw,mmmu_pro_test_Diagnostics_and_Laboratory_Medicine_72,0,unknown,,provider_error,no_action_events,No model action spans extracted
MMMUPro,OpenClaw,mmmu_gemma_openclaw,mmmu_pro_test_Diagnostics_and_Laboratory_Medicine_72,0,unknown,,provider_error,missing_token_length,No n_tokens or completion token fallback
MMMUPro,OpenClaw,mmmu_gemma_openclaw,mmmu_pro_test_Diagnostics_and_Laboratory_Medicine_76,0,unknown,,provider_error,no_action_events,No model action spans extracted
MMMUPro,OpenClaw,mmmu_gemma_openclaw,mmmu_pro_test_Diagnostics_and_Laboratory_Medicine_76,0,unknown,,provider_error,missing_token_length,No n_tokens or completion token fallback
MMMUPro,OpenClaw,mmmu_gemma_openclaw,mmmu_pro_test_Economics_102,0,unknown,,provider_error,no_action_events,No model action spans extracted
MMMUPro,OpenClaw,mmmu_gemma_openclaw,mmmu_pro_test_Economics_102,0,unknown,,provider_error,missing_token_length,No n_tokens or completion token fallback
MMMUPro,OpenClaw,mmmu_gemma_openclaw,mmmu_pro_test_Economics_16,0,unknown,,runtime_error,no_action_events,No model action spans extracted
MMMUPro,OpenClaw,mmmu_gemma_openclaw,mmmu_pro_test_Economics_215,0,unknown,,provider_error,no_action_events,No model action spans extracted
MMMUPro,OpenClaw,mmmu_gemma_openclaw,mmmu_pro_test_Economics_215,0,unknown,,provider_error,missing_token_length,No n_tokens or completion token fallback
MMMUPro,OpenClaw,mmmu_gemma_openclaw,mmmu_pro_test_Economics_39,0,unknown,,provider_error,no_action_events,No model action spans extracted
MMMUPro,OpenClaw,mmmu_gemma_openclaw,mmmu_pro_test_Economics_39,0,unknown,,provider_error,missing_token_length,No n_tokens or completion token fallback
MMMUPro,OpenClaw,mmmu_gemma_openclaw,mmmu_pro_test_Electronics_116,0,unknown,,runtime_error,no_action_events,No model action spans extracted
MMMUPro,OpenClaw,mmmu_gemma_openclaw,mmmu_pro_test_Electronics_135,0,unknown,,runtime_error,no_action_events,No model action spans extracted
MMMUPro,OpenClaw,mmmu_gemma_openclaw,mmmu_pro_test_Electronics_140,0,unknown,,runtime_error,no_action_events,No model action spans extracted
MMMUPro,OpenClaw,mmmu_gemma_openclaw,mmmu_pro_test_Electronics_149,0,unknown,,runtime_error,no_action_events,No model action spans extracted
MMMUPro,OpenClaw,mmmu_gemma_openclaw,mmmu_pro_test_Electronics_171,0,unknown,,runtime_error,no_action_events,No model action spans extracted
MMMUPro,OpenClaw,mmmu_gemma_openclaw,mmmu_pro_test_Electronics_185,0,unknown,,runtime_error,no_action_events,No model action spans extracted
MMMUPro,OpenClaw,mmmu_gemma_openclaw,mmmu_pro_test_Electronics_22,0,unknown,,runtime_error,no_action_events,No model action spans extracted
MMMUPro,OpenClaw,mmmu_gemma_openclaw,mmmu_pro_test_Electronics_235,0,unknown,,provider_error,no_action_events,No model action spans extracted
MMMUPro,OpenClaw,mmmu_gemma_openclaw,mmmu_pro_test_Electronics_235,0,unknown,,provider_error,missing_token_length,No n_tokens or completion token fallback
MMMUPro,OpenClaw,mmmu_gemma_openclaw,mmmu_pro_test_Electronics_245,0,unknown,,provider_error,no_action_events,No model action spans extracted
MMMUPro,OpenClaw,mmmu_gemma_openclaw,mmmu_pro_test_Electronics_247,0,unknown,,runtime_error,no_action_events,No model action spans extracted
MMMUPro,OpenClaw,mmmu_gemma_openclaw,mmmu_pro_test_Electronics_49,0,unknown,,runtime_error,no_action_events,No model action spans extracted
MMMUPro,OpenClaw,mmmu_gemma_openclaw,mmmu_pro_test_Electronics_6,0,unknown,,runtime_error,no_action_events,No model action spans extracted
MMMUPro,OpenClaw,mmmu_gemma_openclaw,mmmu_pro_test_Electronics_76,0,unknown,,provider_error,no_action_events,No model action spans extracted
MMMUPro,OpenClaw,mmmu_gemma_openclaw,mmmu_pro_test_Electronics_76,0,unknown,,provider_error,missing_token_length,No n_tokens or completion token fallback
MMMUPro,OpenClaw,mmmu_gemma_openclaw,mmmu_pro_test_Electronics_93,0,unknown,,provider_error,no_action_events,No model action spans extracted
MMMUPro,OpenClaw,mmmu_gemma_openclaw,mmmu_pro_test_Electronics_93,0,unknown,,provider_error,missing_token_length,No n_tokens or completion token fallback
MMMUPro,OpenClaw,mmmu_gemma_openclaw,mmmu_pro_test_Energy_and_Power_150,0,unknown,,provider_error,no_action_events,No model action spans extracted
MMMUPro,OpenClaw,mmmu_gemma_openclaw,mmmu_pro_test_Energy_and_Power_150,0,unknown,,provider_error,missing_token_length,No n_tokens or completion token fallback
MMMUPro,OpenClaw,mmmu_gemma_openclaw,mmmu_pro_test_Energy_and_Power_158,0,unknown,,runtime_error,no_action_events,No model action spans extracted
MMMUPro,OpenClaw,mmmu_gemma_openclaw,mmmu_pro_test_Energy_and_Power_414,0,unknown,,runtime_error,no_action_events,No model action spans extracted
MMMUPro,OpenClaw,mmmu_gemma_openclaw,mmmu_pro_test_Energy_and_Power_68,0,unknown,,provider_error,no_action_events,No model action spans extracted
MMMUPro,OpenClaw,mmmu_gemma_openclaw,mmmu_pro_test_Energy_and_Power_68,0,unknown,,provider_error,missing_token_length,No n_tokens or completion token fallback
MMMUPro,OpenClaw,mmmu_gemma_openclaw,mmmu_pro_test_Energy_and_Power_86,0,unknown,,provider_error,no_action_events,No model action spans extracted
MMMUPro,OpenClaw,mmmu_gemma_openclaw,mmmu_pro_test_Energy_and_Power_86,0,unknown,,provider_error,missing_token_length,No n_tokens or completion token fallback
MMMUPro,OpenClaw,mmmu_gemma_openclaw,mmmu_pro_test_Finance_165,0,unknown,,provider_error,no_action_events,No model action spans extracted
MMMUPro,OpenClaw,mmmu_gemma_openclaw,mmmu_pro_test_Finance_165,0,unknown,,provider_error,missing_token_length,No n_tokens or completion token fallback
MMMUPro,OpenClaw,mmmu_gemma_openclaw,mmmu_pro_test_Finance_238,0,unknown,,runtime_error,no_action_events,No model action spans extracted
MMMUPro,OpenClaw,mmmu_gemma_openclaw,mmmu_pro_test_Finance_294,0,unknown,,provider_error,no_action_events,No model action spans extracted
MMMUPro,OpenClaw,mmmu_gemma_openclaw,mmmu_pro_test_Finance_77,0,unknown,,runtime_error,no_action_events,No model action spans extracted
MMMUPro,OpenClaw,mmmu_gemma_openclaw,mmmu_pro_test_Geography_209,0,unknown,,provider_error,no_action_events,No model action spans extracted
MMMUPro,OpenClaw,mmmu_gemma_openclaw,mmmu_pro_test_Geography_209,0,unknown,,provider_error,missing_token_length,No n_tokens or completion token fallback
MMMUPro,OpenClaw,mmmu_gemma_openclaw,mmmu_pro_test_Geography_213,0,unknown,,runtime_error,no_action_events,No model action spans extracted
MMMUPro,OpenClaw,mmmu_gemma_openclaw,mmmu_pro_test_Geography_459,0,unknown,,provider_error,no_action_events,No model action spans extracted
MMMUPro,OpenClaw,mmmu_gemma_openclaw,mmmu_pro_test_Geography_459,0,unknown,,provider_error,missing_token_length,No n_tokens or completion token fallback
MMMUPro,OpenClaw,mmmu_gemma_openclaw,mmmu_pro_test_History_100,0,unknown,,provider_error,no_action_events,No model action spans extracted
MMMUPro,OpenClaw,mmmu_gemma_openclaw,mmmu_pro_test_History_100,0,unknown,,provider_error,missing_token_length,No n_tokens or completion token fallback
MMMUPro,OpenClaw,mmmu_gemma_openclaw,mmmu_pro_test_History_157,0,unknown,,provider_error,no_action_events,No model action spans extracted
MMMUPro,OpenClaw,mmmu_gemma_openclaw,mmmu_pro_test_History_157,0,unknown,,provider_error,missing_token_length,No n_tokens or completion token fallback
MMMUPro,OpenClaw,mmmu_gemma_openclaw,mmmu_pro_test_History_46,0,unknown,,provider_error,no_action_events,No model action spans extracted
MMMUPro,OpenClaw,mmmu_gemma_openclaw,mmmu_pro_test_History_46,0,unknown,,provider_error,missing_token_length,No n_tokens or completion token fallback
MMMUPro,OpenClaw,mmmu_gemma_openclaw,mmmu_pro_test_Manage_104,0,unknown,,provider_error,no_action_events,No model action spans extracted
MMMUPro,OpenClaw,mmmu_gemma_openclaw,mmmu_pro_test_Manage_104,0,unknown,,provider_error,missing_token_length,No n_tokens or completion token fallback
MMMUPro,OpenClaw,mmmu_gemma_openclaw,mmmu_pro_test_Manage_22,0,unknown,,provider_error,no_action_events,No model action spans extracted
MMMUPro,OpenClaw,mmmu_gemma_openclaw,mmmu_pro_test_Manage_22,0,unknown,,provider_error,missing_token_length,No n_tokens or completion token fallback
MMMUPro,OpenClaw,mmmu_gemma_openclaw,mmmu_pro_test_Manage_31,0,unknown,,provider_error,no_action_events,No model action spans extracted
MMMUPro,OpenClaw,mmmu_gemma_openclaw,mmmu_pro_test_Manage_31,0,unknown,,provider_error,missing_token_length,No n_tokens or completion token fallback
MMMUPro,OpenClaw,mmmu_gemma_openclaw,mmmu_pro_test_Marketing_114,0,unknown,,provider_error,no_action_events,No model action spans extracted
MMMUPro,OpenClaw,mmmu_gemma_openclaw,mmmu_pro_test_Marketing_114,0,unknown,,provider_error,missing_token_length,No n_tokens or completion token fallback
MMMUPro,OpenClaw,mmmu_gemma_openclaw,mmmu_pro_test_Marketing_120,0,unknown,,provider_error,no_action_events,No model action spans extracted
MMMUPro,OpenClaw,mmmu_gemma_openclaw,mmmu_pro_test_Marketing_120,0,unknown,,provider_error,missing_token_length,No n_tokens or completion token fallback
MMMUPro,OpenClaw,mmmu_gemma_openclaw,mmmu_pro_test_Marketing_134,0,unknown,,provider_error,no_action_events,No model action spans extracted
MMMUPro,OpenClaw,mmmu_gemma_openclaw,mmmu_pro_test_Marketing_134,0,unknown,,provider_error,missing_token_length,No n_tokens or completion token fallback
MMMUPro,OpenClaw,mmmu_gemma_openclaw,mmmu_pro_test_Marketing_2,0,unknown,,provider_error,no_action_events,No model action spans extracted
MMMUPro,OpenClaw,mmmu_gemma_openclaw,mmmu_pro_test_Marketing_2,0,unknown,,provider_error,missing_token_length,No n_tokens or completion token fallback
MMMUPro,OpenClaw,mmmu_gemma_openclaw,mmmu_pro_test_Marketing_44,0,unknown,,provider_error,no_action_events,No model action spans extracted
MMMUPro,OpenClaw,mmmu_gemma_openclaw,mmmu_pro_test_Marketing_44,0,unknown,,provider_error,missing_token_length,No n_tokens or completion token fallback
MMMUPro,OpenClaw,mmmu_gemma_openclaw,mmmu_pro_test_Marketing_87,0,unknown,,provider_error,no_action_events,No model action spans extracted
MMMUPro,OpenClaw,mmmu_gemma_openclaw,mmmu_pro_test_Materials_16,0,unknown,,provider_error,no_action_events,No model action spans extracted
MMMUPro,OpenClaw,mmmu_gemma_openclaw,mmmu_pro_test_Materials_239,0,unknown,,runtime_error,no_action_events,No model action spans extracted
MMMUPro,OpenClaw,mmmu_gemma_openclaw,mmmu_pro_test_Materials_392,0,unknown,,runtime_error,no_action_events,No model action spans extracted
MMMUPro,OpenClaw,mmmu_gemma_openclaw,mmmu_pro_test_Materials_423,0,unknown,,provider_error,no_action_events,No model action spans extracted
MMMUPro,OpenClaw,mmmu_gemma_openclaw,mmmu_pro_test_Materials_423,0,unknown,,provider_error,missing_token_length,No n_tokens or completion token fallback
MMMUPro,OpenClaw,mmmu_gemma_openclaw,mmmu_pro_test_Materials_51,0,unknown,,runtime_error,no_action_events,No model action spans extracted
MMMUPro,OpenClaw,mmmu_gemma_openclaw,mmmu_pro_test_Math_122,0,unknown,,runtime_error,no_action_events,No model action spans extracted
MMMUPro,OpenClaw,mmmu_gemma_openclaw,mmmu_pro_test_Math_164,0,success,True,valid_scored,no_action_events,No model action spans extracted
MMMUPro,OpenClaw,mmmu_gemma_openclaw,mmmu_pro_test_Math_189,0,unknown,,provider_error,no_action_events,No model action spans extracted
MMMUPro,OpenClaw,mmmu_gemma_openclaw,mmmu_pro_test_Math_189,0,unknown,,provider_error,missing_token_length,No n_tokens or completion token fallback
MMMUPro,OpenClaw,mmmu_gemma_openclaw,mmmu_pro_test_Math_282,0,unknown,,provider_error,no_action_events,No model action spans extracted
MMMUPro,OpenClaw,mmmu_gemma_openclaw,mmmu_pro_test_Math_282,0,unknown,,provider_error,missing_token_length,No n_tokens or completion token fallback
MMMUPro,OpenClaw,mmmu_gemma_openclaw,mmmu_pro_test_Math_390,0,unknown,,runtime_error,no_action_events,No model action spans extracted
MMMUPro,OpenClaw,mmmu_gemma_openclaw,mmmu_pro_test_Math_476,0,unknown,,provider_error,no_action_events,No model action spans extracted
MMMUPro,OpenClaw,mmmu_gemma_openclaw,mmmu_pro_test_Math_476,0,unknown,,provider_error,missing_token_length,No n_tokens or completion token fallback
MMMUPro,OpenClaw,mmmu_gemma_openclaw,mmmu_pro_test_Math_504,0,unknown,,runtime_error,no_action_events,No model action spans extracted
MMMUPro,OpenClaw,mmmu_gemma_openclaw,mmmu_pro_test_Mechanical_Engineering_104,0,unknown,,runtime_error,no_action_events,No model action spans extracted
MMMUPro,OpenClaw,mmmu_gemma_openclaw,mmmu_pro_test_Mechanical_Engineering_230,0,unknown,,provider_error,no_action_events,No model action spans extracted
MMMUPro,OpenClaw,mmmu_gemma_openclaw,mmmu_pro_test_Mechanical_Engineering_230,0,unknown,,provider_error,missing_token_length,No n_tokens or completion token fallback
MMMUPro,OpenClaw,mmmu_gemma_openclaw,mmmu_pro_test_Mechanical_Engineering_359,0,unknown,,runtime_error,no_action_events,No model action spans extracted
MMMUPro,OpenClaw,mmmu_gemma_openclaw,mmmu_pro_test_Mechanical_Engineering_409,0,unknown,,provider_error,no_action_events,No model action spans extracted
MMMUPro,OpenClaw,mmmu_gemma_openclaw,mmmu_pro_test_Mechanical_Engineering_409,0,unknown,,provider_error,missing_token_length,No n_tokens or completion token fallback
MMMUPro,OpenClaw,mmmu_gemma_openclaw,mmmu_pro_test_Music_134,0,unknown,,runtime_error,no_action_events,No model action spans extracted
MMMUPro,OpenClaw,mmmu_gemma_openclaw,mmmu_pro_test_Pharmacy_333,0,unknown,,provider_error,no_action_events,No model action spans extracted
MMMUPro,OpenClaw,mmmu_gemma_openclaw,mmmu_pro_test_Pharmacy_333,0,unknown,,provider_error,missing_token_length,No n_tokens or completion token fallback
MMMUPro,OpenClaw,mmmu_gemma_openclaw,mmmu_pro_test_Pharmacy_83,0,unknown,,provider_error,no_action_events,No model action spans extracted
MMMUPro,OpenClaw,mmmu_gemma_openclaw,mmmu_pro_test_Pharmacy_83,0,unknown,,provider_error,missing_token_length,No n_tokens or completion token fallback
MMMUPro,OpenClaw,mmmu_gemma_openclaw,mmmu_pro_test_Physics_252,0,unknown,,runtime_error,no_action_events,No model action spans extracted
MMMUPro,OpenClaw,mmmu_gemma_openclaw,mmmu_pro_test_Physics_292,0,unknown,,runtime_error,no_action_events,No model action spans extracted
MMMUPro,OpenClaw,mmmu_gemma_openclaw,mmmu_pro_test_Physics_40,0,unknown,,runtime_error,no_action_events,No model action spans extracted
MMMUPro,OpenClaw,mmmu_gemma_openclaw,mmmu_pro_test_Physics_61,0,unknown,,provider_error,no_action_events,No model action spans extracted
MMMUPro,OpenClaw,mmmu_gemma_openclaw,mmmu_pro_test_Physics_61,0,unknown,,provider_error,missing_token_length,No n_tokens or completion token fallback
MMMUPro,OpenClaw,mmmu_gemma_openclaw,mmmu_pro_test_Psychology_228,0,unknown,,provider_error,no_action_events,No model action spans extracted
MMMUPro,OpenClaw,mmmu_gemma_openclaw,mmmu_pro_test_Psychology_228,0,unknown,,provider_error,missing_token_length,No n_tokens or completion token fallback
MMMUPro,OpenClaw,mmmu_gemma_openclaw,mmmu_pro_test_Sociology_125,0,unknown,,provider_error,no_action_events,No model action spans extracted
MMMUPro,OpenClaw,mmmu_gemma_openclaw,mmmu_pro_test_Sociology_125,0,unknown,,provider_error,missing_token_length,No n_tokens or completion token fallback
MMMUPro,OpenClaw,mmmu_gemma_openclaw,mmmu_pro_test_Sociology_83,0,unknown,,provider_error,no_action_events,No model action spans extracted
MMMUPro,OpenClaw,mmmu_gemma_openclaw,mmmu_pro_test_Sociology_83,0,unknown,,provider_error,missing_token_length,No n_tokens or completion token fallback
MMMUPro,OpenClaw,mmmu_gemma_openclaw,mmmu_pro_test_Sociology_93,0,unknown,,provider_error,no_action_events,No model action spans extracted
MMMUPro,OpenClaw,mmmu_gemma_openclaw,mmmu_pro_test_Sociology_93,0,unknown,,provider_error,missing_token_length,No n_tokens or completion token fallback
MMMUPro,OpenClaw,mmmu_gemma_openclaw,mmmu_pro_validation_Accounting_15,0,unknown,,runtime_error,no_action_events,No model action spans extracted
MMMUPro,OpenClaw,mmmu_gemma_openclaw,mmmu_pro_validation_Accounting_5,0,unknown,,runtime_error,no_action_events,No model action spans extracted
MMMUPro,OpenClaw,mmmu_gemma_openclaw,mmmu_pro_validation_Architecture_and_Engineering_22,0,success,True,valid_scored,no_action_events,No model action spans extracted
MMMUPro,OpenClaw,mmmu_gemma_openclaw,mmmu_pro_validation_Art_14,0,unknown,,provider_error,no_action_events,No model action spans extracted
MMMUPro,OpenClaw,mmmu_gemma_openclaw,mmmu_pro_validation_Art_14,0,unknown,,provider_error,missing_token_length,No n_tokens or completion token fallback
MMMUPro,OpenClaw,mmmu_gemma_openclaw,mmmu_pro_validation_Art_26,0,unknown,,valid_scored,no_action_events,No model action spans extracted
MMMUPro,OpenClaw,mmmu_gemma_openclaw,mmmu_pro_validation_Art_Theory_19,0,unknown,,provider_error,no_action_events,No model action spans extracted
MMMUPro,OpenClaw,mmmu_gemma_openclaw,mmmu_pro_validation_Art_Theory_19,0,unknown,,provider_error,missing_token_length,No n_tokens or completion token fallback
MMMUPro,OpenClaw,mmmu_gemma_openclaw,mmmu_pro_validation_Basic_Medical_Science_12,0,unknown,,provider_error,no_action_events,No model action spans extracted
MMMUPro,OpenClaw,mmmu_gemma_openclaw,mmmu_pro_validation_Basic_Medical_Science_12,0,unknown,,provider_error,missing_token_length,No n_tokens or completion token fallback
MMMUPro,OpenClaw,mmmu_gemma_openclaw,mmmu_pro_validation_Biology_6,0,unknown,,provider_error,no_action_events,No model action spans extracted
MMMUPro,OpenClaw,mmmu_gemma_openclaw,mmmu_pro_validation_Biology_6,0,unknown,,provider_error,missing_token_length,No n_tokens or completion token fallback
MMMUPro,OpenClaw,mmmu_gemma_openclaw,mmmu_pro_validation_Chemistry_7,0,unknown,,runtime_error,no_action_events,No model action spans extracted
MMMUPro,OpenClaw,mmmu_gemma_openclaw,mmmu_pro_validation_Chemistry_8,0,unknown,,provider_error,no_action_events,No model action spans extracted
MMMUPro,OpenClaw,mmmu_gemma_openclaw,mmmu_pro_validation_Chemistry_8,0,unknown,,provider_error,missing_token_length,No n_tokens or completion token fallback
MMMUPro,OpenClaw,mmmu_gemma_openclaw,mmmu_pro_validation_Computer_Science_1,0,unknown,,runtime_error,no_action_events,No model action spans extracted
MMMUPro,OpenClaw,mmmu_gemma_openclaw,mmmu_pro_validation_Computer_Science_19,0,unknown,,runtime_error,no_action_events,No model action spans extracted
MMMUPro,OpenClaw,mmmu_gemma_openclaw,mmmu_pro_validation_Computer_Science_24,0,unknown,,provider_error,no_action_events,No model action spans extracted
MMMUPro,OpenClaw,mmmu_gemma_openclaw,mmmu_pro_validation_Computer_Science_24,0,unknown,,provider_error,missing_token_length,No n_tokens or completion token fallback
MMMUPro,OpenClaw,mmmu_gemma_openclaw,mmmu_pro_validation_Design_11,0,unknown,,provider_error,no_action_events,No model action spans extracted
MMMUPro,OpenClaw,mmmu_gemma_openclaw,mmmu_pro_validation_Design_11,0,unknown,,provider_error,missing_token_length,No n_tokens or completion token fallback
MMMUPro,OpenClaw,mmmu_gemma_openclaw,mmmu_pro_validation_Electronics_13,0,unknown,,provider_error,no_action_events,No model action spans extracted
MMMUPro,OpenClaw,mmmu_gemma_openclaw,mmmu_pro_validation_Electronics_13,0,unknown,,provider_error,missing_token_length,No n_tokens or completion token fallback
MMMUPro,OpenClaw,mmmu_gemma_openclaw,mmmu_pro_validation_Electronics_17,0,unknown,,runtime_error,no_action_events,No model action spans extracted
MMMUPro,OpenClaw,mmmu_gemma_openclaw,mmmu_pro_validation_Electronics_7,0,unknown,,runtime_error,no_action_events,No model action spans extracted
MMMUPro,OpenClaw,mmmu_gemma_openclaw,mmmu_pro_validation_Energy_and_Power_18,0,unknown,,provider_error,no_action_events,No model action spans extracted
MMMUPro,OpenClaw,mmmu_gemma_openclaw,mmmu_pro_validation_Energy_and_Power_18,0,unknown,,provider_error,missing_token_length,No n_tokens or completion token fallback
MMMUPro,OpenClaw,mmmu_gemma_openclaw,mmmu_pro_validation_Energy_and_Power_20,0,unknown,,provider_error,no_action_events,No model action spans extracted
MMMUPro,OpenClaw,mmmu_gemma_openclaw,mmmu_pro_validation_Energy_and_Power_20,0,unknown,,provider_error,missing_token_length,No n_tokens or completion token fallback
MMMUPro,OpenClaw,mmmu_gemma_openclaw,mmmu_pro_validation_Energy_and_Power_25,0,unknown,,provider_error,no_action_events,No model action spans extracted
MMMUPro,OpenClaw,mmmu_gemma_openclaw,mmmu_pro_validation_Energy_and_Power_25,0,unknown,,provider_error,missing_token_length,No n_tokens or completion token fallback
MMMUPro,OpenClaw,mmmu_gemma_openclaw,mmmu_pro_validation_Energy_and_Power_8,0,unknown,,runtime_error,no_action_events,No model action spans extracted
MMMUPro,OpenClaw,mmmu_gemma_openclaw,mmmu_pro_validation_Finance_21,0,unknown,,runtime_error,no_action_events,No model action spans extracted
MMMUPro,OpenClaw,mmmu_gemma_openclaw,mmmu_pro_validation_Finance_5,0,unknown,,provider_error,no_action_events,No model action spans extracted
MMMUPro,OpenClaw,mmmu_gemma_openclaw,mmmu_pro_validation_Finance_5,0,unknown,,provider_error,missing_token_length,No n_tokens or completion token fallback
MMMUPro,OpenClaw,mmmu_gemma_openclaw,mmmu_pro_validation_Geography_5,0,unknown,,runtime_error,no_action_events,No model action spans extracted
MMMUPro,OpenClaw,mmmu_gemma_openclaw,mmmu_pro_validation_Geography_7,0,unknown,,provider_error,no_action_events,No model action spans extracted
MMMUPro,OpenClaw,mmmu_gemma_openclaw,mmmu_pro_validation_Geography_7,0,unknown,,provider_error,missing_token_length,No n_tokens or completion token fallback
MMMUPro,OpenClaw,mmmu_gemma_openclaw,mmmu_pro_validation_Manage_13,0,unknown,,provider_error,no_action_events,No model action spans extracted
MMMUPro,OpenClaw,mmmu_gemma_openclaw,mmmu_pro_validation_Manage_13,0,unknown,,provider_error,missing_token_length,No n_tokens or completion token fallback
MMMUPro,OpenClaw,mmmu_gemma_openclaw,mmmu_pro_validation_Marketing_12,0,unknown,,runtime_error,no_action_events,No model action spans extracted
MMMUPro,OpenClaw,mmmu_gemma_openclaw,mmmu_pro_validation_Marketing_26,0,unknown,,provider_error,no_action_events,No model action spans extracted
MMMUPro,OpenClaw,mmmu_gemma_openclaw,mmmu_pro_validation_Marketing_26,0,unknown,,provider_error,missing_token_length,No n_tokens or completion token fallback
MMMUPro,OpenClaw,mmmu_gemma_openclaw,mmmu_pro_validation_Marketing_29,0,unknown,,provider_error,no_action_events,No model action spans extracted
MMMUPro,OpenClaw,mmmu_gemma_openclaw,mmmu_pro_validation_Marketing_29,0,unknown,,provider_error,missing_token_length,No n_tokens or completion token fallback
MMMUPro,OpenClaw,mmmu_gemma_openclaw,mmmu_pro_validation_Materials_14,0,unknown,,provider_error,no_action_events,No model action spans extracted
MMMUPro,OpenClaw,mmmu_gemma_openclaw,mmmu_pro_validation_Materials_14,0,unknown,,provider_error,missing_token_length,No n_tokens or completion token fallback
MMMUPro,OpenClaw,mmmu_gemma_openclaw,mmmu_pro_validation_Materials_16,0,unknown,,runtime_error,no_action_events,No model action spans extracted
MMMUPro,OpenClaw,mmmu_gemma_openclaw,mmmu_pro_validation_Materials_22,0,unknown,,runtime_error,no_action_events,No model action spans extracted
MMMUPro,OpenClaw,mmmu_gemma_openclaw,mmmu_pro_validation_Materials_23,0,unknown,,provider_error,no_action_events,No model action spans extracted
MMMUPro,OpenClaw,mmmu_gemma_openclaw,mmmu_pro_validation_Materials_23,0,unknown,,provider_error,missing_token_length,No n_tokens or completion token fallback
MMMUPro,OpenClaw,mmmu_gemma_openclaw,mmmu_pro_validation_Materials_6,0,unknown,,runtime_error,no_action_events,No model action spans extracted
MMMUPro,OpenClaw,mmmu_gemma_openclaw,mmmu_pro_validation_Math_19,0,unknown,,runtime_error,no_action_events,No model action spans extracted
MMMUPro,OpenClaw,mmmu_gemma_openclaw,mmmu_pro_validation_Math_2,0,unknown,,provider_error,no_action_events,No model action spans extracted
MMMUPro,OpenClaw,mmmu_gemma_openclaw,mmmu_pro_validation_Math_2,0,unknown,,provider_error,missing_token_length,No n_tokens or completion token fallback
MMMUPro,OpenClaw,mmmu_gemma_openclaw,mmmu_pro_validation_Mechanical_Engineering_20,0,unknown,,provider_error,no_action_events,No model action spans extracted
MMMUPro,OpenClaw,mmmu_gemma_openclaw,mmmu_pro_validation_Mechanical_Engineering_20,0,unknown,,provider_error,missing_token_length,No n_tokens or completion token fallback
MMMUPro,OpenClaw,mmmu_gemma_openclaw,mmmu_pro_validation_Mechanical_Engineering_8,0,unknown,,runtime_error,no_action_events,No model action spans extracted
MMMUPro,OpenClaw,mmmu_gemma_openclaw,mmmu_pro_validation_Music_14,0,unknown,,runtime_error,no_action_events,No model action spans extracted
MMMUPro,OpenClaw,mmmu_gemma_openclaw,mmmu_pro_validation_Music_17,0,unknown,,runtime_error,no_action_events,No model action spans extracted
MMMUPro,OpenClaw,mmmu_gemma_openclaw,mmmu_pro_validation_Music_18,0,unknown,,runtime_error,no_action_events,No model action spans extracted
MMMUPro,OpenClaw,mmmu_gemma_openclaw,mmmu_pro_validation_Music_19,0,unknown,,runtime_error,no_action_events,No model action spans extracted
MMMUPro,OpenClaw,mmmu_gemma_openclaw,mmmu_pro_validation_Music_22,0,unknown,,provider_error,no_action_events,No model action spans extracted
MMMUPro,OpenClaw,mmmu_gemma_openclaw,mmmu_pro_validation_Music_28,0,unknown,,runtime_error,no_action_events,No model action spans extracted
MMMUPro,OpenClaw,mmmu_gemma_openclaw,mmmu_pro_validation_Pharmacy_7,0,unknown,,provider_error,no_action_events,No model action spans extracted
MMMUPro,OpenClaw,mmmu_gemma_openclaw,mmmu_pro_validation_Pharmacy_7,0,unknown,,provider_error,missing_token_length,No n_tokens or completion token fallback
MMMUPro,OpenClaw,mmmu_gemma_openclaw,mmmu_pro_validation_Physics_9,0,unknown,,provider_error,no_action_events,No model action spans extracted
MMMUPro,OpenClaw,mmmu_gemma_openclaw,mmmu_pro_validation_Public_Health_7,0,unknown,,provider_error,no_action_events,No model action spans extracted
MMMUPro,OpenClaw,mmmu_gemma_openclaw,mmmu_pro_validation_Public_Health_7,0,unknown,,provider_error,missing_token_length,No n_tokens or completion token fallback
MMMUPro,OpenClaw,mmmu_gemma_openclaw,mmmu_pro_validation_Sociology_30,0,unknown,,provider_error,no_action_events,No model action spans extracted
MMMUPro,OpenClaw,mmmu_gemma_openclaw,mmmu_pro_validation_Sociology_30,0,unknown,,provider_error,missing_token_length,No n_tokens or completion token fallback
MMMUPro,ZeroClaw,mmmu_gemma_zeroclaw,mmmu_pro_test_Accounting_252,0,unknown,,runtime_error,no_action_events,No model action spans extracted
MMMUPro,ZeroClaw,mmmu_gemma_zeroclaw,mmmu_pro_test_Agriculture_195,0,success,True,valid_scored,missing_token_length,No n_tokens or completion token fallback
MMMUPro,ZeroClaw,mmmu_gemma_zeroclaw,mmmu_pro_test_Architecture_and_Engineering_207,0,unknown,,runtime_error,no_action_events,No model action spans extracted
MMMUPro,ZeroClaw,mmmu_gemma_zeroclaw,mmmu_pro_test_Architecture_and_Engineering_307,0,success,True,valid_scored,missing_token_length,No n_tokens or completion token fallback
MMMUPro,ZeroClaw,mmmu_gemma_zeroclaw,mmmu_pro_test_Architecture_and_Engineering_312,0,unknown,,runtime_error,no_action_events,No model action spans extracted
MMMUPro,ZeroClaw,mmmu_gemma_zeroclaw,mmmu_pro_test_Architecture_and_Engineering_359,0,unknown,,runtime_error,no_action_events,No model action spans extracted
MMMUPro,ZeroClaw,mmmu_gemma_zeroclaw,mmmu_pro_test_Architecture_and_Engineering_359,0,unknown,,runtime_error,missing_token_length,No n_tokens or completion token fallback
MMMUPro,ZeroClaw,mmmu_gemma_zeroclaw,mmmu_pro_test_Architecture_and_Engineering_518,0,unknown,,runtime_error,no_action_events,No model action spans extracted
MMMUPro,ZeroClaw,mmmu_gemma_zeroclaw,mmmu_pro_test_Art_113,0,unknown,,runtime_error,no_action_events,No model action spans extracted
MMMUPro,ZeroClaw,mmmu_gemma_zeroclaw,mmmu_pro_test_Art_117,0,unknown,,runtime_error,no_action_events,No model action spans extracted
MMMUPro,ZeroClaw,mmmu_gemma_zeroclaw,mmmu_pro_test_Art_231,0,unknown,,runtime_error,no_action_events,No model action spans extracted
MMMUPro,ZeroClaw,mmmu_gemma_zeroclaw,mmmu_pro_test_Art_63,0,unknown,,runtime_error,no_action_events,No model action spans extracted
MMMUPro,ZeroClaw,mmmu_gemma_zeroclaw,mmmu_pro_test_Art_79,0,unknown,,runtime_error,no_action_events,No model action spans extracted
MMMUPro,ZeroClaw,mmmu_gemma_zeroclaw,mmmu_pro_test_Art_9,0,unknown,,runtime_error,no_action_events,No model action spans extracted
MMMUPro,ZeroClaw,mmmu_gemma_zeroclaw,mmmu_pro_test_Art_Theory_19,0,failure,False,valid_scored,missing_token_length,No n_tokens or completion token fallback
MMMUPro,ZeroClaw,mmmu_gemma_zeroclaw,mmmu_pro_test_Art_Theory_246,0,unknown,,runtime_error,no_action_events,No model action spans extracted
MMMUPro,ZeroClaw,mmmu_gemma_zeroclaw,mmmu_pro_test_Art_Theory_259,0,success,True,valid_scored,missing_token_length,No n_tokens or completion token fallback
MMMUPro,ZeroClaw,mmmu_gemma_zeroclaw,mmmu_pro_test_Art_Theory_419,0,success,True,valid_scored,missing_token_length,No n_tokens or completion token fallback
MMMUPro,ZeroClaw,mmmu_gemma_zeroclaw,mmmu_pro_test_Basic_Medical_Science_240,0,success,True,valid_scored,missing_token_length,No n_tokens or completion token fallback
MMMUPro,ZeroClaw,mmmu_gemma_zeroclaw,mmmu_pro_test_Basic_Medical_Science_261,0,success,True,valid_scored,missing_token_length,No n_tokens or completion token fallback
MMMUPro,ZeroClaw,mmmu_gemma_zeroclaw,mmmu_pro_test_Biology_138,0,unknown,,runtime_error,no_action_events,No model action spans extracted
MMMUPro,ZeroClaw,mmmu_gemma_zeroclaw,mmmu_pro_test_Biology_307,0,unknown,,runtime_error,no_action_events,No model action spans extracted
MMMUPro,ZeroClaw,mmmu_gemma_zeroclaw,mmmu_pro_test_Biology_46,0,unknown,,runtime_error,no_action_events,No model action spans extracted
MMMUPro,ZeroClaw,mmmu_gemma_zeroclaw,mmmu_pro_test_Chemistry_147,0,unknown,,runtime_error,no_action_events,No model action spans extracted
MMMUPro,ZeroClaw,mmmu_gemma_zeroclaw,mmmu_pro_test_Chemistry_21,0,unknown,,runtime_error,no_action_events,No model action spans extracted
MMMUPro,ZeroClaw,mmmu_gemma_zeroclaw,mmmu_pro_test_Chemistry_233,0,success,True,valid_scored,missing_token_length,No n_tokens or completion token fallback
MMMUPro,ZeroClaw,mmmu_gemma_zeroclaw,mmmu_pro_test_Chemistry_400,0,success,True,valid_scored,missing_token_length,No n_tokens or completion token fallback
MMMUPro,ZeroClaw,mmmu_gemma_zeroclaw,mmmu_pro_test_Chemistry_546,0,unknown,,runtime_error,no_action_events,No model action spans extracted
MMMUPro,ZeroClaw,mmmu_gemma_zeroclaw,mmmu_pro_test_Chemistry_560,0,unknown,,runtime_error,no_action_events,No model action spans extracted
MMMUPro,ZeroClaw,mmmu_gemma_zeroclaw,mmmu_pro_test_Computer_Science_39,0,unknown,,runtime_error,no_action_events,No model action spans extracted
MMMUPro,ZeroClaw,mmmu_gemma_zeroclaw,mmmu_pro_test_Computer_Science_61,0,unknown,,runtime_error,no_action_events,No model action spans extracted
MMMUPro,ZeroClaw,mmmu_gemma_zeroclaw,mmmu_pro_test_Design_18,0,unknown,,runtime_error,no_action_events,No model action spans extracted
MMMUPro,ZeroClaw,mmmu_gemma_zeroclaw,mmmu_pro_test_Design_80,0,unknown,,runtime_error,no_action_events,No model action spans extracted
MMMUPro,ZeroClaw,mmmu_gemma_zeroclaw,mmmu_pro_test_Diagnostics_and_Laboratory_Medicine_135,0,failure,False,valid_scored,missing_token_length,No n_tokens or completion token fallback
MMMUPro,ZeroClaw,mmmu_gemma_zeroclaw,mmmu_pro_test_Economics_56,0,success,True,valid_scored,missing_token_length,No n_tokens or completion token fallback
MMMUPro,ZeroClaw,mmmu_gemma_zeroclaw,mmmu_pro_test_Electronics_137,0,unknown,,runtime_error,no_action_events,No model action spans extracted
MMMUPro,ZeroClaw,mmmu_gemma_zeroclaw,mmmu_pro_test_Electronics_140,0,unknown,,runtime_error,no_action_events,No model action spans extracted
MMMUPro,ZeroClaw,mmmu_gemma_zeroclaw,mmmu_pro_test_Electronics_16,0,unknown,,runtime_error,no_action_events,No model action spans extracted
MMMUPro,ZeroClaw,mmmu_gemma_zeroclaw,mmmu_pro_test_Electronics_160,0,unknown,,runtime_error,no_action_events,No model action spans extracted
MMMUPro,ZeroClaw,mmmu_gemma_zeroclaw,mmmu_pro_test_Electronics_171,0,unknown,,runtime_error,no_action_events,No model action spans extracted
MMMUPro,ZeroClaw,mmmu_gemma_zeroclaw,mmmu_pro_test_Electronics_172,0,unknown,,runtime_error,no_action_events,No model action spans extracted
MMMUPro,ZeroClaw,mmmu_gemma_zeroclaw,mmmu_pro_test_Electronics_178,0,unknown,,runtime_error,no_action_events,No model action spans extracted
MMMUPro,ZeroClaw,mmmu_gemma_zeroclaw,mmmu_pro_test_Electronics_180,0,success,True,valid_scored,missing_token_length,No n_tokens or completion token fallback
MMMUPro,ZeroClaw,mmmu_gemma_zeroclaw,mmmu_pro_test_Electronics_207,0,unknown,,runtime_error,no_action_events,No model action spans extracted
MMMUPro,ZeroClaw,mmmu_gemma_zeroclaw,mmmu_pro_test_Electronics_252,0,unknown,,runtime_error,no_action_events,No model action spans extracted
MMMUPro,ZeroClaw,mmmu_gemma_zeroclaw,mmmu_pro_test_Electronics_69,0,unknown,,runtime_error,no_action_events,No model action spans extracted
MMMUPro,ZeroClaw,mmmu_gemma_zeroclaw,mmmu_pro_test_Electronics_76,0,success,True,valid_scored,missing_token_length,No n_tokens or completion token fallback
MMMUPro,ZeroClaw,mmmu_gemma_zeroclaw,mmmu_pro_test_Electronics_93,0,failure,False,valid_scored,missing_token_length,No n_tokens or completion token fallback
MMMUPro,ZeroClaw,mmmu_gemma_zeroclaw,mmmu_pro_test_Energy_and_Power_276,0,failure,False,valid_scored,missing_token_length,No n_tokens or completion token fallback
MMMUPro,ZeroClaw,mmmu_gemma_zeroclaw,mmmu_pro_test_Energy_and_Power_349,0,unknown,,runtime_error,no_action_events,No model action spans extracted
MMMUPro,ZeroClaw,mmmu_gemma_zeroclaw,mmmu_pro_test_Energy_and_Power_423,0,success,True,valid_scored,missing_token_length,No n_tokens or completion token fallback
MMMUPro,ZeroClaw,mmmu_gemma_zeroclaw,mmmu_pro_test_Energy_and_Power_54,0,success,True,valid_scored,missing_token_length,No n_tokens or completion token fallback
MMMUPro,ZeroClaw,mmmu_gemma_zeroclaw,mmmu_pro_test_Finance_241,0,unknown,,runtime_error,no_action_events,No model action spans extracted
MMMUPro,ZeroClaw,mmmu_gemma_zeroclaw,mmmu_pro_test_Finance_247,0,unknown,,runtime_error,no_action_events,No model action spans extracted
MMMUPro,ZeroClaw,mmmu_gemma_zeroclaw,mmmu_pro_test_Finance_64,0,success,True,valid_scored,missing_token_length,No n_tokens or completion token fallback
MMMUPro,ZeroClaw,mmmu_gemma_zeroclaw,mmmu_pro_test_Finance_77,0,unknown,,runtime_error,no_action_events,No model action spans extracted
MMMUPro,ZeroClaw,mmmu_gemma_zeroclaw,mmmu_pro_test_Geography_191,0,failure,False,valid_scored,missing_token_length,No n_tokens or completion token fallback
MMMUPro,ZeroClaw,mmmu_gemma_zeroclaw,mmmu_pro_test_Geography_222,0,unknown,,runtime_error,no_action_events,No model action spans extracted
MMMUPro,ZeroClaw,mmmu_gemma_zeroclaw,mmmu_pro_test_Geography_267,0,success,True,valid_scored,missing_token_length,No n_tokens or completion token fallback
MMMUPro,ZeroClaw,mmmu_gemma_zeroclaw,mmmu_pro_test_Geography_276,0,unknown,,runtime_error,no_action_events,No model action spans extracted
MMMUPro,ZeroClaw,mmmu_gemma_zeroclaw,mmmu_pro_test_History_157,0,success,True,valid_scored,missing_token_length,No n_tokens or completion token fallback
MMMUPro,ZeroClaw,mmmu_gemma_zeroclaw,mmmu_pro_test_History_207,0,failure,False,valid_scored,missing_token_length,No n_tokens or completion token fallback
MMMUPro,ZeroClaw,mmmu_gemma_zeroclaw,mmmu_pro_test_History_217,0,failure,False,valid_scored,missing_token_length,No n_tokens or completion token fallback
MMMUPro,ZeroClaw,mmmu_gemma_zeroclaw,mmmu_pro_test_History_26,0,failure,False,valid_scored,missing_token_length,No n_tokens or completion token fallback
MMMUPro,ZeroClaw,mmmu_gemma_zeroclaw,mmmu_pro_test_Literature_20,0,success,True,valid_scored,missing_token_length,No n_tokens or completion token fallback
MMMUPro,ZeroClaw,mmmu_gemma_zeroclaw,mmmu_pro_test_Manage_31,0,unknown,,runtime_error,no_action_events,No model action spans extracted
MMMUPro,ZeroClaw,mmmu_gemma_zeroclaw,mmmu_pro_test_Marketing_166,0,unknown,,runtime_error,no_action_events,No model action spans extracted
MMMUPro,ZeroClaw,mmmu_gemma_zeroclaw,mmmu_pro_test_Marketing_177,0,unknown,,runtime_error,no_action_events,No model action spans extracted
MMMUPro,ZeroClaw,mmmu_gemma_zeroclaw,mmmu_pro_test_Marketing_37,0,success,True,valid_scored,missing_token_length,No n_tokens or completion token fallback
MMMUPro,ZeroClaw,mmmu_gemma_zeroclaw,mmmu_pro_test_Marketing_64,0,unknown,,runtime_error,no_action_events,No model action spans extracted
MMMUPro,ZeroClaw,mmmu_gemma_zeroclaw,mmmu_pro_test_Marketing_69,0,unknown,,runtime_error,no_action_events,No model action spans extracted
MMMUPro,ZeroClaw,mmmu_gemma_zeroclaw,mmmu_pro_test_Marketing_69,0,unknown,,runtime_error,missing_token_length,No n_tokens or completion token fallback
MMMUPro,ZeroClaw,mmmu_gemma_zeroclaw,mmmu_pro_test_Materials_239,0,unknown,,runtime_error,no_action_events,No model action spans extracted
MMMUPro,ZeroClaw,mmmu_gemma_zeroclaw,mmmu_pro_test_Materials_277,0,unknown,,runtime_error,no_action_events,No model action spans extracted
MMMUPro,ZeroClaw,mmmu_gemma_zeroclaw,mmmu_pro_test_Materials_314,0,unknown,,runtime_error,no_action_events,No model action spans extracted
MMMUPro,ZeroClaw,mmmu_gemma_zeroclaw,mmmu_pro_test_Materials_345,0,failure,False,valid_scored,missing_token_length,No n_tokens or completion token fallback
MMMUPro,ZeroClaw,mmmu_gemma_zeroclaw,mmmu_pro_test_Materials_423,0,unknown,,runtime_error,no_action_events,No model action spans extracted
MMMUPro,ZeroClaw,mmmu_gemma_zeroclaw,mmmu_pro_test_Math_122,0,unknown,,runtime_error,no_action_events,No model action spans extracted
MMMUPro,ZeroClaw,mmmu_gemma_zeroclaw,mmmu_pro_test_Math_16,0,unknown,,runtime_error,no_action_events,No model action spans extracted
MMMUPro,ZeroClaw,mmmu_gemma_zeroclaw,mmmu_pro_test_Math_165,0,unknown,,runtime_error,no_action_events,No model action spans extracted
MMMUPro,ZeroClaw,mmmu_gemma_zeroclaw,mmmu_pro_test_Math_393,0,unknown,,runtime_error,no_action_events,No model action spans extracted
MMMUPro,ZeroClaw,mmmu_gemma_zeroclaw,mmmu_pro_test_Math_504,0,unknown,,runtime_error,no_action_events,No model action spans extracted
MMMUPro,ZeroClaw,mmmu_gemma_zeroclaw,mmmu_pro_test_Mechanical_Engineering_234,0,unknown,,runtime_error,no_action_events,No model action spans extracted
MMMUPro,ZeroClaw,mmmu_gemma_zeroclaw,mmmu_pro_test_Mechanical_Engineering_333,0,unknown,,runtime_error,no_action_events,No model action spans extracted
MMMUPro,ZeroClaw,mmmu_gemma_zeroclaw,mmmu_pro_test_Mechanical_Engineering_338,0,unknown,,runtime_error,no_action_events,No model action spans extracted
MMMUPro,ZeroClaw,mmmu_gemma_zeroclaw,mmmu_pro_test_Mechanical_Engineering_96,0,unknown,,runtime_error,no_action_events,No model action spans extracted
MMMUPro,ZeroClaw,mmmu_gemma_zeroclaw,mmmu_pro_test_Music_322,0,unknown,,runtime_error,no_action_events,No model action spans extracted
MMMUPro,ZeroClaw,mmmu_gemma_zeroclaw,mmmu_pro_test_Music_333,0,unknown,,runtime_error,no_action_events,No model action spans extracted
MMMUPro,ZeroClaw,mmmu_gemma_zeroclaw,mmmu_pro_test_Music_333,0,unknown,,runtime_error,missing_token_length,No n_tokens or completion token fallback
MMMUPro,ZeroClaw,mmmu_gemma_zeroclaw,mmmu_pro_test_Pharmacy_234,0,unknown,,runtime_error,no_action_events,No model action spans extracted
MMMUPro,ZeroClaw,mmmu_gemma_zeroclaw,mmmu_pro_test_Pharmacy_24,0,failure,False,valid_scored,missing_token_length,No n_tokens or completion token fallback
MMMUPro,ZeroClaw,mmmu_gemma_zeroclaw,mmmu_pro_test_Physics_156,0,unknown,,runtime_error,no_action_events,No model action spans extracted
MMMUPro,ZeroClaw,mmmu_gemma_zeroclaw,mmmu_pro_test_Physics_214,0,unknown,,runtime_error,no_action_events,No model action spans extracted
MMMUPro,ZeroClaw,mmmu_gemma_zeroclaw,mmmu_pro_test_Physics_252,0,unknown,,runtime_error,no_action_events,No model action spans extracted
MMMUPro,ZeroClaw,mmmu_gemma_zeroclaw,mmmu_pro_test_Physics_292,0,unknown,,runtime_error,no_action_events,No model action spans extracted
MMMUPro,ZeroClaw,mmmu_gemma_zeroclaw,mmmu_pro_test_Physics_293,0,success,True,valid_scored,missing_token_length,No n_tokens or completion token fallback
MMMUPro,ZeroClaw,mmmu_gemma_zeroclaw,mmmu_pro_test_Physics_397,0,unknown,,runtime_error,no_action_events,No model action spans extracted
MMMUPro,ZeroClaw,mmmu_gemma_zeroclaw,mmmu_pro_test_Psychology_103,0,failure,False,valid_scored,missing_token_length,No n_tokens or completion token fallback
MMMUPro,ZeroClaw,mmmu_gemma_zeroclaw,mmmu_pro_test_Public_Health_199,0,success,True,valid_scored,missing_token_length,No n_tokens or completion token fallback
MMMUPro,ZeroClaw,mmmu_gemma_zeroclaw,mmmu_pro_test_Public_Health_248,0,success,True,valid_scored,missing_token_length,No n_tokens or completion token fallback
MMMUPro,ZeroClaw,mmmu_gemma_zeroclaw,mmmu_pro_test_Public_Health_84,0,success,True,valid_scored,missing_token_length,No n_tokens or completion token fallback
MMMUPro,ZeroClaw,mmmu_gemma_zeroclaw,mmmu_pro_test_Sociology_40,0,unknown,,runtime_error,no_action_events,No model action spans extracted
MMMUPro,ZeroClaw,mmmu_gemma_zeroclaw,mmmu_pro_validation_Accounting_20,0,unknown,,runtime_error,no_action_events,No model action spans extracted
MMMUPro,ZeroClaw,mmmu_gemma_zeroclaw,mmmu_pro_validation_Accounting_29,0,success,True,valid_scored,missing_token_length,No n_tokens or completion token fallback
MMMUPro,ZeroClaw,mmmu_gemma_zeroclaw,mmmu_pro_validation_Accounting_5,0,unknown,,runtime_error,no_action_events,No model action spans extracted
MMMUPro,ZeroClaw,mmmu_gemma_zeroclaw,mmmu_pro_validation_Accounting_5,0,unknown,,runtime_error,missing_token_length,No n_tokens or completion token fallback
MMMUPro,ZeroClaw,mmmu_gemma_zeroclaw,mmmu_pro_validation_Agriculture_17,0,unknown,,runtime_error,no_action_events,No model action spans extracted
MMMUPro,ZeroClaw,mmmu_gemma_zeroclaw,mmmu_pro_validation_Agriculture_29,0,success,True,valid_scored,missing_token_length,No n_tokens or completion token fallback
MMMUPro,ZeroClaw,mmmu_gemma_zeroclaw,mmmu_pro_validation_Architecture_and_Engineering_9,0,success,True,valid_scored,missing_token_length,No n_tokens or completion token fallback
MMMUPro,ZeroClaw,mmmu_gemma_zeroclaw,mmmu_pro_validation_Art_10,0,success,True,valid_scored,missing_token_length,No n_tokens or completion token fallback
MMMUPro,ZeroClaw,mmmu_gemma_zeroclaw,mmmu_pro_validation_Biology_9,0,unknown,,runtime_error,no_action_events,No model action spans extracted
MMMUPro,ZeroClaw,mmmu_gemma_zeroclaw,mmmu_pro_validation_Chemistry_1,0,success,True,valid_scored,missing_token_length,No n_tokens or completion token fallback
MMMUPro,ZeroClaw,mmmu_gemma_zeroclaw,mmmu_pro_validation_Chemistry_17,0,unknown,,runtime_error,no_action_events,No model action spans extracted
MMMUPro,ZeroClaw,mmmu_gemma_zeroclaw,mmmu_pro_validation_Chemistry_26,0,unknown,,runtime_error,no_action_events,No model action spans extracted
MMMUPro,ZeroClaw,mmmu_gemma_zeroclaw,mmmu_pro_validation_Chemistry_29,0,unknown,,runtime_error,no_action_events,No model action spans extracted
MMMUPro,ZeroClaw,mmmu_gemma_zeroclaw,mmmu_pro_validation_Chemistry_5,0,unknown,,runtime_error,no_action_events,No model action spans extracted
MMMUPro,ZeroClaw,mmmu_gemma_zeroclaw,mmmu_pro_validation_Chemistry_6,0,unknown,,runtime_error,no_action_events,No model action spans extracted
MMMUPro,ZeroClaw,mmmu_gemma_zeroclaw,mmmu_pro_validation_Chemistry_9,0,success,True,valid_scored,missing_token_length,No n_tokens or completion token fallback
MMMUPro,ZeroClaw,mmmu_gemma_zeroclaw,mmmu_pro_validation_Clinical_Medicine_20,0,failure,False,valid_scored,missing_token_length,No n_tokens or completion token fallback
MMMUPro,ZeroClaw,mmmu_gemma_zeroclaw,mmmu_pro_validation_Computer_Science_19,0,unknown,,runtime_error,no_action_events,No model action spans extracted
MMMUPro,ZeroClaw,mmmu_gemma_zeroclaw,mmmu_pro_validation_Computer_Science_19,0,unknown,,runtime_error,missing_token_length,No n_tokens or completion token fallback
MMMUPro,ZeroClaw,mmmu_gemma_zeroclaw,mmmu_pro_validation_Design_1,0,failure,False,valid_scored,missing_token_length,No n_tokens or completion token fallback
MMMUPro,ZeroClaw,mmmu_gemma_zeroclaw,mmmu_pro_validation_Economics_30,0,failure,False,valid_scored,missing_token_length,No n_tokens or completion token fallback
MMMUPro,ZeroClaw,mmmu_gemma_zeroclaw,mmmu_pro_validation_Electronics_14,0,unknown,,runtime_error,no_action_events,No model action spans extracted
MMMUPro,ZeroClaw,mmmu_gemma_zeroclaw,mmmu_pro_validation_Electronics_7,0,unknown,,runtime_error,no_action_events,No model action spans extracted
MMMUPro,ZeroClaw,mmmu_gemma_zeroclaw,mmmu_pro_validation_Finance_14,0,unknown,,runtime_error,no_action_events,No model action spans extracted
MMMUPro,ZeroClaw,mmmu_gemma_zeroclaw,mmmu_pro_validation_Finance_21,0,unknown,,runtime_error,no_action_events,No model action spans extracted
MMMUPro,ZeroClaw,mmmu_gemma_zeroclaw,mmmu_pro_validation_Finance_29,0,success,True,valid_scored,missing_token_length,No n_tokens or completion token fallback
MMMUPro,ZeroClaw,mmmu_gemma_zeroclaw,mmmu_pro_validation_Geography_5,0,failure,False,valid_scored,missing_token_length,No n_tokens or completion token fallback
MMMUPro,ZeroClaw,mmmu_gemma_zeroclaw,mmmu_pro_validation_Manage_24,0,unknown,,runtime_error,no_action_events,No model action spans extracted
MMMUPro,ZeroClaw,mmmu_gemma_zeroclaw,mmmu_pro_validation_Manage_24,0,unknown,,runtime_error,missing_token_length,No n_tokens or completion token fallback
MMMUPro,ZeroClaw,mmmu_gemma_zeroclaw,mmmu_pro_validation_Manage_29,0,unknown,,runtime_error,no_action_events,No model action spans extracted
MMMUPro,ZeroClaw,mmmu_gemma_zeroclaw,mmmu_pro_validation_Marketing_10,0,success,True,valid_scored,missing_token_length,No n_tokens or completion token fallback
MMMUPro,ZeroClaw,mmmu_gemma_zeroclaw,mmmu_pro_validation_Marketing_3,0,success,True,valid_scored,missing_token_length,No n_tokens or completion token fallback
MMMUPro,ZeroClaw,mmmu_gemma_zeroclaw,mmmu_pro_validation_Materials_19,0,unknown,,runtime_error,no_action_events,No model action spans extracted
MMMUPro,ZeroClaw,mmmu_gemma_zeroclaw,mmmu_pro_validation_Materials_21,0,unknown,,runtime_error,no_action_events,No model action spans extracted
MMMUPro,ZeroClaw,mmmu_gemma_zeroclaw,mmmu_pro_validation_Materials_22,0,unknown,,runtime_error,no_action_events,No model action spans extracted
MMMUPro,ZeroClaw,mmmu_gemma_zeroclaw,mmmu_pro_validation_Materials_27,0,unknown,,runtime_error,no_action_events,No model action spans extracted
MMMUPro,ZeroClaw,mmmu_gemma_zeroclaw,mmmu_pro_validation_Materials_27,0,unknown,,runtime_error,missing_token_length,No n_tokens or completion token fallback
MMMUPro,ZeroClaw,mmmu_gemma_zeroclaw,mmmu_pro_validation_Materials_6,0,unknown,,runtime_error,no_action_events,No model action spans extracted
MMMUPro,ZeroClaw,mmmu_gemma_zeroclaw,mmmu_pro_validation_Math_19,0,unknown,,runtime_error,no_action_events,No model action spans extracted
MMMUPro,ZeroClaw,mmmu_gemma_zeroclaw,mmmu_pro_validation_Math_26,0,unknown,,runtime_error,no_action_events,No model action spans extracted
MMMUPro,ZeroClaw,mmmu_gemma_zeroclaw,mmmu_pro_validation_Math_3,0,unknown,,runtime_error,no_action_events,No model action spans extracted
MMMUPro,ZeroClaw,mmmu_gemma_zeroclaw,mmmu_pro_validation_Mechanical_Engineering_1,0,unknown,,runtime_error,no_action_events,No model action spans extracted
MMMUPro,ZeroClaw,mmmu_gemma_zeroclaw,mmmu_pro_validation_Mechanical_Engineering_18,0,unknown,,runtime_error,no_action_events,No model action spans extracted
MMMUPro,ZeroClaw,mmmu_gemma_zeroclaw,mmmu_pro_validation_Mechanical_Engineering_2,0,unknown,,runtime_error,no_action_events,No model action spans extracted
MMMUPro,ZeroClaw,mmmu_gemma_zeroclaw,mmmu_pro_validation_Mechanical_Engineering_20,0,success,True,valid_scored,missing_token_length,No n_tokens or completion token fallback
MMMUPro,ZeroClaw,mmmu_gemma_zeroclaw,mmmu_pro_validation_Mechanical_Engineering_8,0,unknown,,runtime_error,no_action_events,No model action spans extracted
MMMUPro,ZeroClaw,mmmu_gemma_zeroclaw,mmmu_pro_validation_Music_14,0,unknown,,runtime_error,no_action_events,No model action spans extracted
MMMUPro,ZeroClaw,mmmu_gemma_zeroclaw,mmmu_pro_validation_Music_16,0,unknown,,runtime_error,no_action_events,No model action spans extracted
MMMUPro,ZeroClaw,mmmu_gemma_zeroclaw,mmmu_pro_validation_Music_18,0,unknown,,runtime_error,no_action_events,No model action spans extracted
MMMUPro,ZeroClaw,mmmu_gemma_zeroclaw,mmmu_pro_validation_Music_19,0,unknown,,runtime_error,no_action_events,No model action spans extracted
MMMUPro,ZeroClaw,mmmu_gemma_zeroclaw,mmmu_pro_validation_Music_2,0,unknown,,runtime_error,no_action_events,No model action spans extracted
MMMUPro,ZeroClaw,mmmu_gemma_zeroclaw,mmmu_pro_validation_Music_22,0,unknown,,runtime_error,no_action_events,No model action spans extracted
MMMUPro,ZeroClaw,mmmu_gemma_zeroclaw,mmmu_pro_validation_Music_28,0,unknown,,runtime_error,no_action_events,No model action spans extracted
MMMUPro,ZeroClaw,mmmu_gemma_zeroclaw,mmmu_pro_validation_Music_8,0,unknown,,runtime_error,no_action_events,No model action spans extracted
MMMUPro,ZeroClaw,mmmu_gemma_zeroclaw,mmmu_pro_validation_Music_9,0,unknown,,runtime_error,no_action_events,No model action spans extracted
MMMUPro,ZeroClaw,mmmu_gemma_zeroclaw,mmmu_pro_validation_Pharmacy_23,0,unknown,,runtime_error,no_action_events,No model action spans extracted
MMMUPro,ZeroClaw,mmmu_gemma_zeroclaw,mmmu_pro_validation_Pharmacy_30,0,success,True,valid_scored,missing_token_length,No n_tokens or completion token fallback
MMMUPro,ZeroClaw,mmmu_gemma_zeroclaw,mmmu_pro_validation_Physics_30,0,failure,False,valid_scored,missing_token_length,No n_tokens or completion token fallback
MMMUPro,ZeroClaw,mmmu_gemma_zeroclaw,mmmu_pro_validation_Psychology_6,0,failure,False,valid_scored,missing_token_length,No n_tokens or completion token fallback
