task_id,harness,benchmark,n_tokens,head_entropy,tail_entropy,delta_entropy,low_ent_share,top1_prob_mean
hle_1,directllm,HLE,32768,0.370316,0.00033,-0.369986,0.2257,0.9666
hle_1008,directllm,HLE,12789,0.421739,0.341789,-0.07995,0.2497,0.8552
hle_1009,directllm,HLE,7341,0.728738,0.449278,-0.27946,0.25,0.7874
hle_1012,directllm,HLE,10228,0.373381,0.331907,-0.041474,0.2493,0.8557
hle_1019,directllm,HLE,7261,0.602269,0.40842,-0.193848,0.25,0.8099
hle_1021,directllm,HLE,7392,0.337409,0.27005,-0.067359,0.2489,0.8949
hle_1022,directllm,HLE,7934,0.45212,0.413065,-0.039055,0.2497,0.8503
hle_1023,directllm,HLE,32768,0.304061,4.8e-05,-0.304013,0.2337,0.9725
hle_1024,directllm,HLE,4956,0.541522,0.425534,-0.115988,0.25,0.8302
hle_1031,directllm,HLE,8864,0.462912,0.330575,-0.132337,0.2492,0.8526
hle_1038,directllm,HLE,10183,0.522196,0.418817,-0.103379,0.2499,0.8278
hle_1045,directllm,HLE,17571,0.188119,0.179134,-0.008985,0.2472,0.9272
hle_1046,directllm,HLE,14632,0.340643,0.205655,-0.134988,0.2487,0.9125
hle_1047,directllm,HLE,5754,0.198932,0.137379,-0.061554,0.2461,0.9225
hle_1048,directllm,HLE,17230,0.47295,0.237059,-0.235891,0.2495,0.8932
hle_1049,directllm,HLE,15579,0.282625,0.263065,-0.01956,0.2488,0.9025
hle_1050,directllm,HLE,11161,0.419781,0.161637,-0.258144,0.2495,0.9172
hle_1051,directllm,HLE,10861,0.16345,0.146903,-0.016548,0.2443,0.9328
hle_1052,directllm,HLE,22869,0.355883,0.213067,-0.142816,0.25,0.9061
hle_1054,directllm,HLE,13185,0.411343,0.287118,-0.124225,0.2493,0.8691
hle_1055,directllm,HLE,7500,0.53429,0.467834,-0.066456,0.2496,0.8118
hle_1056,directllm,HLE,8923,0.306688,0.33317,0.026482,0.248,0.8888
hle_1057,directllm,HLE,11669,0.407735,0.198225,-0.209509,0.2472,0.9034
hle_1058,directllm,HLE,32768,0.304645,4.2e-05,-0.304603,0.2394,0.9729
hle_1066,directllm,HLE,6630,0.656297,0.47455,-0.181747,0.2501,0.7981
hle_1067,directllm,HLE,19599,0.412104,0.249328,-0.162776,0.2498,0.8758
hle_1070,directllm,HLE,9962,0.556391,0.4057,-0.150691,0.2498,0.8353
hle_1071,directllm,HLE,13008,0.324591,0.210609,-0.113982,0.2498,0.9004
hle_1073,directllm,HLE,32768,0.108202,5.1e-05,-0.108151,0.2371,0.9909
hle_1074,directllm,HLE,2092,0.495167,0.312705,-0.182462,0.25,0.8466
hle_1077,directllm,HLE,15628,0.3552,0.179334,-0.175865,0.2478,0.9151
hle_1079,directllm,HLE,32768,0.297433,2.5e-05,-0.297408,0.1555,0.974
hle_108,directllm,HLE,17977,0.272996,0.154587,-0.118409,0.2398,0.9293
hle_1080,directllm,HLE,6532,0.535211,0.422594,-0.112617,0.25,0.8194
hle_1081,directllm,HLE,20068,0.167246,0.220559,0.053313,0.2499,0.9224
hle_1083,directllm,HLE,32768,0.087659,6.9e-05,-0.08759,0.2239,0.9924
hle_1084,directllm,HLE,5946,0.616981,0.450824,-0.166157,0.2501,0.8065
hle_1088,directllm,HLE,32768,0.484149,0.000323,-0.483826,0.2276,0.9525
hle_1089,directllm,HLE,3787,0.666665,0.430903,-0.235762,0.2501,0.8013
hle_109,directllm,HLE,2964,0.635658,0.476269,-0.159389,0.25,0.794
hle_1098,directllm,HLE,12475,0.580243,0.214429,-0.365813,0.2491,0.8646
hle_11,directllm,HLE,11559,0.259062,0.222184,-0.036878,0.2498,0.8951
hle_1108,directllm,HLE,17697,0.212253,0.22642,0.014167,0.247,0.9247
hle_1109,directllm,HLE,21541,0.196675,0.233451,0.036776,0.2435,0.9248
hle_111,directllm,HLE,18060,0.279401,0.112134,-0.167267,0.2472,0.9326
hle_1116,directllm,HLE,14167,0.338094,0.281453,-0.056641,0.2487,0.8891
hle_1119,directllm,HLE,32768,0.32408,0.000194,-0.323885,0.2221,0.9713
hle_112,directllm,HLE,8975,0.275658,0.293387,0.017729,0.2495,0.8822
hle_1120,directllm,HLE,32768,0.126183,5.4e-05,-0.126128,0.1763,0.9892
hle_1126,directllm,HLE,11624,0.328755,0.185429,-0.143326,0.2466,0.9252
hle_1127,directllm,HLE,10262,0.17277,0.159894,-0.012876,0.2433,0.9436
hle_1128,directllm,HLE,8352,0.150412,0.166692,0.01628,0.2415,0.93
hle_1129,directllm,HLE,6902,0.546407,0.467677,-0.078731,0.2501,0.8176
hle_1130,directllm,HLE,12126,0.178195,0.155883,-0.022312,0.2431,0.9334
hle_1133,directllm,HLE,4769,0.60542,0.542912,-0.062507,0.2499,0.7936
hle_1135,directllm,HLE,10941,0.66142,0.333195,-0.328225,0.25,0.8347
hle_1137,directllm,HLE,780,0.332102,0.266714,-0.065388,0.2474,0.9055
hle_1138,directllm,HLE,17240,0.211887,0.142772,-0.069116,0.2487,0.9374
hle_1139,directllm,HLE,12537,0.241904,0.21575,-0.026153,0.2474,0.9151
hle_114,directllm,HLE,14814,0.319023,0.317715,-0.001308,0.2486,0.9157
hle_115,directllm,HLE,13701,0.332484,0.285055,-0.047429,0.2499,0.8883
hle_1150,directllm,HLE,5488,0.536585,0.293299,-0.243286,0.2489,0.8606
hle_1153,directllm,HLE,10882,0.619983,0.367389,-0.252594,0.25,0.8341
hle_1159,directllm,HLE,6933,0.500161,0.411772,-0.088389,0.2497,0.8347
hle_1166,directllm,HLE,7506,0.661266,0.481011,-0.180255,0.2501,0.8046
hle_117,directllm,HLE,32768,0.395488,0.000185,-0.395303,0.2228,0.9601
hle_1174,directllm,HLE,5071,0.637334,0.347836,-0.289498,0.25,0.8245
hle_1177,directllm,HLE,9942,0.643945,0.480178,-0.163767,0.2501,0.7934
hle_1179,directllm,HLE,5624,0.498305,0.428828,-0.069477,0.25,0.8302
hle_118,directllm,HLE,1062,0.484701,0.381975,-0.102726,0.2495,0.8331
hle_1182,directllm,HLE,2379,0.849722,0.444597,-0.405125,0.2501,0.781
hle_1188,directllm,HLE,6666,0.610208,0.460247,-0.149961,0.2501,0.8002
hle_119,directllm,HLE,32768,0.336706,0.0001,-0.336606,0.2408,0.9702
hle_1192,directllm,HLE,7370,0.40654,0.409663,0.003122,0.2501,0.8424
hle_120,directllm,HLE,32768,0.144274,4.5e-05,-0.144229,0.2054,0.9873
hle_1207,directllm,HLE,6568,0.673026,0.50491,-0.168115,0.25,0.7925
hle_1219,directllm,HLE,7289,0.596508,0.531513,-0.064995,0.25,0.8003
hle_1220,directllm,HLE,8442,0.537161,0.410174,-0.126987,0.2501,0.8254
hle_123,directllm,HLE,32768,0.153418,0.000105,-0.153313,0.2324,0.9869
hle_1231,directllm,HLE,8578,0.421726,0.366148,-0.055578,0.2499,0.8586
hle_1234,directllm,HLE,6630,0.585347,0.396096,-0.189251,0.2501,0.8275
hle_1235,directllm,HLE,2655,0.557402,0.39654,-0.160863,0.2501,0.8316
hle_1249,directllm,HLE,5905,0.486894,0.436119,-0.050775,0.25,0.8161
hle_126,directllm,HLE,4977,0.526563,0.350597,-0.175967,0.2499,0.8344
hle_13,directllm,HLE,8118,0.298983,0.238962,-0.060022,0.2466,0.907
hle_131,directllm,HLE,3677,0.538344,0.402921,-0.135423,0.2499,0.8109
hle_136,directllm,HLE,14334,0.275915,0.268512,-0.007403,0.2487,0.9052
hle_138,directllm,HLE,32768,0.221219,0.000101,-0.221119,0.2421,0.9717
hle_14,directllm,HLE,32768,0.287551,0.000189,-0.287362,0.2128,0.9741
hle_141,directllm,HLE,5946,0.45477,0.414107,-0.040663,0.2501,0.8356
hle_142,directllm,HLE,5103,0.460519,0.440784,-0.019735,0.25,0.8228
hle_144,directllm,HLE,16484,0.353717,0.219119,-0.134598,0.2497,0.8979
hle_145,directllm,HLE,3263,0.652421,0.391936,-0.260486,0.2501,0.8072
hle_155,directllm,HLE,20960,0.399763,0.24505,-0.154712,0.25,0.8858
hle_158,directllm,HLE,32768,0.301682,7.5e-05,-0.301606,0.2053,0.9739
hle_16,directllm,HLE,13898,0.581178,0.338402,-0.242776,0.25,0.821
hle_167,directllm,HLE,7152,0.172944,0.181216,0.008272,0.2482,0.9326
hle_169,directllm,HLE,9097,0.553691,0.339899,-0.213792,0.25,0.8438
hle_176,directllm,HLE,7899,0.464009,0.339955,-0.124055,0.2498,0.8564
hle_178,directllm,HLE,7548,0.389952,0.365876,-0.024076,0.2499,0.8568
hle_179,directllm,HLE,5403,0.484769,0.383439,-0.101331,0.2495,0.8341
hle_184,directllm,HLE,2192,0.770675,0.48223,-0.288445,0.25,0.7843
hle_185,directllm,HLE,7769,0.600516,0.273244,-0.327272,0.2497,0.836
hle_187,directllm,HLE,4246,0.312729,0.221409,-0.09132,0.2499,0.8859
hle_189,directllm,HLE,4047,0.353247,0.300632,-0.052615,0.2501,0.8603
hle_191,directllm,HLE,1486,0.51793,0.437283,-0.080647,0.249,0.8195
hle_193,directllm,HLE,5153,0.514931,0.423002,-0.091929,0.25,0.814
hle_210,directllm,HLE,15241,0.33465,0.280229,-0.05442,0.2498,0.8936
hle_212,directllm,HLE,32768,0.080813,0.000158,-0.080655,0.2485,0.9928
hle_218,directllm,HLE,7777,0.658541,0.460416,-0.198125,0.25,0.8029
hle_236,directllm,HLE,6883,0.408768,0.352297,-0.056471,0.25,0.857
hle_241,directllm,HLE,7533,0.616835,0.342423,-0.274413,0.2498,0.8359
hle_242,directllm,HLE,10135,0.476281,0.31905,-0.157231,0.2496,0.8581
hle_243,directllm,HLE,7851,0.433727,0.447785,0.014058,0.2498,0.8283
hle_251,directllm,HLE,4409,0.563594,0.51807,-0.045524,0.2499,0.7944
hle_262,directllm,HLE,3004,0.643741,0.484846,-0.158895,0.25,0.7938
hle_267,directllm,HLE,6992,0.575358,0.479871,-0.095487,0.25,0.8147
hle_27,directllm,HLE,5546,0.472033,0.375986,-0.096047,0.2499,0.8419
hle_272,directllm,HLE,8922,0.679522,0.395288,-0.284234,0.2501,0.8161
hle_278,directllm,HLE,32768,0.434628,0.000195,-0.434434,0.2433,0.9619
hle_280,directllm,HLE,4089,0.660812,0.57131,-0.089502,0.2499,0.7844
hle_283,directllm,HLE,8935,0.756554,0.341028,-0.415526,0.25,0.8106
hle_288,directllm,HLE,32768,0.065306,0.000129,-0.065176,0.2374,0.9944
hle_293,directllm,HLE,7057,0.587089,0.524446,-0.062643,0.25,0.7917
hle_294,directllm,HLE,8906,0.389052,0.318897,-0.070156,0.2501,0.8648
hle_302,directllm,HLE,5641,0.705088,0.420346,-0.284741,0.25,0.7999
hle_309,directllm,HLE,14353,0.317065,0.352832,0.035768,0.2487,0.8694
hle_32,directllm,HLE,12075,0.376264,0.402877,0.026613,0.25,0.8462
hle_328,directllm,HLE,16393,0.418249,0.153961,-0.264288,0.2488,0.8919
hle_329,directllm,HLE,10324,0.286912,0.40084,0.113928,0.2494,0.8564
hle_330,directllm,HLE,9768,0.44518,0.345864,-0.099316,0.25,0.8647
hle_331,directllm,HLE,6501,0.487119,0.518899,0.03178,0.25,0.817
hle_335,directllm,HLE,8704,0.504507,0.30199,-0.202517,0.2499,0.8515
hle_337,directllm,HLE,15815,0.563988,0.139332,-0.424656,0.2486,0.8795
hle_338,directllm,HLE,4157,0.719065,0.462043,-0.257022,0.2499,0.7871
hle_341,directllm,HLE,32768,0.04052,0.000118,-0.040402,0.2494,0.9965
hle_344,directllm,HLE,10675,0.681337,0.419761,-0.261575,0.25,0.8056
hle_346,directllm,HLE,4304,0.653511,0.360336,-0.293174,0.25,0.8214
hle_35,directllm,HLE,3560,0.388037,0.317968,-0.070069,0.25,0.8578
hle_350,directllm,HLE,32768,0.48979,0.000283,-0.489506,0.2373,0.952
hle_351,directllm,HLE,7413,0.536723,0.425049,-0.111674,0.25,0.8198
hle_354,directllm,HLE,4599,0.625463,0.509668,-0.115795,0.2498,0.8024
hle_358,directllm,HLE,5828,0.539546,0.377125,-0.162421,0.25,0.8372
hle_366,directllm,HLE,32768,0.49391,0.000391,-0.49352,0.2274,0.9474
hle_368,directllm,HLE,5984,0.390934,0.375773,-0.015161,0.2498,0.8524
hle_37,directllm,HLE,9925,0.769936,0.421465,-0.348471,0.25,0.7975
hle_370,directllm,HLE,29906,0.342378,0.149475,-0.192903,0.2468,0.9219
hle_371,directllm,HLE,32768,0.132672,7.7e-05,-0.132595,0.2416,0.9884
hle_376,directllm,HLE,20318,0.169608,0.21292,0.043311,0.2496,0.926
hle_380,directllm,HLE,2655,0.533677,0.366156,-0.167521,0.2501,0.8342
hle_382,directllm,HLE,12549,0.360305,0.210821,-0.149484,0.2494,0.897
hle_383,directllm,HLE,6341,0.598414,0.442998,-0.155416,0.2498,0.8174
hle_385,directllm,HLE,1494,0.401053,0.303958,-0.097095,0.2503,0.8657
hle_388,directllm,HLE,3853,0.480228,0.479358,-0.00087,0.2499,0.8162
hle_389,directllm,HLE,9315,0.258707,0.206325,-0.052382,0.249,0.9198
hle_39,directllm,HLE,5623,0.495788,0.444057,-0.051731,0.2499,0.8213
hle_392,directllm,HLE,5873,0.347223,0.284612,-0.062611,0.2498,0.8836
hle_402,directllm,HLE,10621,0.300601,0.185158,-0.115443,0.2461,0.9165
hle_403,directllm,HLE,5617,0.53749,0.332461,-0.205029,0.2489,0.8451
hle_41,directllm,HLE,6153,0.461846,0.358669,-0.103177,0.2493,0.8488
hle_410,directllm,HLE,8135,0.341616,0.232238,-0.109377,0.2486,0.9037
hle_417,directllm,HLE,6922,0.344743,0.26459,-0.080153,0.2492,0.8809
hle_420,directllm,HLE,32768,0.086952,0.000581,-0.086371,0.2479,0.9926
hle_426,directllm,HLE,7389,0.73571,0.479781,-0.255929,0.25,0.7893
hle_427,directllm,HLE,7924,0.726082,0.479971,-0.246112,0.25,0.7843
hle_429,directllm,HLE,4857,0.449234,0.306647,-0.142587,0.2499,0.8437
hle_432,directllm,HLE,7761,0.559807,0.277128,-0.282678,0.2498,0.8453
hle_433,directllm,HLE,13204,0.242261,0.234695,-0.007566,0.2486,0.8972
hle_434,directllm,HLE,2675,0.215002,0.206314,-0.008688,0.2467,0.8987
hle_435,directllm,HLE,14184,0.354017,0.1967,-0.157317,0.2493,0.9026
hle_44,directllm,HLE,32768,0.242364,0.000308,-0.242055,0.2451,0.9716
hle_441,directllm,HLE,19712,0.376877,0.229477,-0.1474,0.2495,0.8911
hle_450,directllm,HLE,4733,0.585939,0.505515,-0.080424,0.2499,0.7944
hle_451,directllm,HLE,4256,0.486549,0.405615,-0.080933,0.25,0.8161
hle_452,directllm,HLE,7248,0.570019,0.333359,-0.23666,0.25,0.8421
hle_454,directllm,HLE,32768,0.243389,8e-05,-0.243309,0.2291,0.9704
hle_456,directllm,HLE,8665,0.341476,0.274563,-0.066913,0.2485,0.883
hle_46,directllm,HLE,5586,0.555984,0.423559,-0.132425,0.2499,0.8168
hle_460,directllm,HLE,5167,0.738289,0.5234,-0.214889,0.25,0.7778
hle_461,directllm,HLE,18710,0.474724,0.208383,-0.266341,0.2489,0.8903
hle_463,directllm,HLE,4407,0.539354,0.503664,-0.03569,0.2501,0.8044
hle_467,directllm,HLE,24584,0.224768,0.130351,-0.094417,0.2498,0.9304
hle_470,directllm,HLE,32768,0.189026,0.000139,-0.188887,0.2452,0.9816
hle_473,directllm,HLE,22568,0.40266,0.252345,-0.150315,0.2496,0.8888
hle_476,directllm,HLE,21023,0.30342,0.141802,-0.161618,0.2464,0.9187
hle_48,directllm,HLE,5288,0.638105,0.542797,-0.095308,0.25,0.7813
hle_486,directllm,HLE,9148,0.403406,0.340811,-0.062595,0.2497,0.8579
hle_496,directllm,HLE,32768,0.356346,8.7e-05,-0.356259,0.2371,0.9604
hle_497,directllm,HLE,13858,0.483008,0.214605,-0.268403,0.2498,0.8706
hle_498,directllm,HLE,32768,0.178714,4.7e-05,-0.178667,0.2324,0.9849
hle_499,directllm,HLE,8353,0.527262,0.359752,-0.16751,0.2495,0.8383
hle_50,directllm,HLE,29144,0.353204,0.151594,-0.20161,0.2483,0.9167
hle_508,directllm,HLE,11246,0.670839,0.431078,-0.239762,0.25,0.7977
hle_52,directllm,HLE,32768,0.439097,0.00018,-0.438918,0.2429,0.9541
hle_522,directllm,HLE,12114,0.512074,0.322243,-0.189831,0.2497,0.85
hle_526,directllm,HLE,8087,0.611546,0.411236,-0.20031,0.2497,0.8244
hle_53,directllm,HLE,4278,0.231702,0.253753,0.022052,0.2473,0.9221
hle_531,directllm,HLE,32768,0.100291,5.4e-05,-0.100236,0.2195,0.9916
hle_532,directllm,HLE,12419,0.303603,0.204145,-0.099457,0.2487,0.9063
hle_533,directllm,HLE,16068,0.320456,0.250678,-0.069778,0.2483,0.8852
hle_539,directllm,HLE,14935,0.522873,0.120708,-0.402165,0.2485,0.9015
hle_54,directllm,HLE,6738,0.57707,0.323885,-0.253184,0.2501,0.8378
hle_543,directllm,HLE,4697,0.537667,0.447049,-0.090619,0.2499,0.8222
hle_547,directllm,HLE,32768,0.257842,3.8e-05,-0.257804,0.1711,0.9769
hle_548,directllm,HLE,18638,0.355821,0.209603,-0.146218,0.2478,0.9101
hle_556,directllm,HLE,5748,0.70614,0.383425,-0.322715,0.25,0.8037
hle_568,directllm,HLE,12620,0.438856,0.3101,-0.128756,0.25,0.8643
hle_582,directllm,HLE,21716,0.11693,0.061732,-0.055199,0.2449,0.9662
hle_583,directllm,HLE,23885,0.1845,0.085801,-0.098699,0.2474,0.948
hle_59,directllm,HLE,3905,0.651689,0.529649,-0.12204,0.2499,0.7831
hle_591,directllm,HLE,32768,0.422,0.000103,-0.421898,0.2387,0.9429
hle_592,directllm,HLE,11142,0.352565,0.313714,-0.038851,0.249,0.8769
hle_593,directllm,HLE,5853,0.22541,0.248168,0.022757,0.2481,0.9033
hle_598,directllm,HLE,9376,0.277809,0.198068,-0.079741,0.2485,0.9193
hle_60,directllm,HLE,9589,0.291993,0.323342,0.03135,0.25,0.8688
hle_603,directllm,HLE,32768,0.327718,0.00026,-0.327458,0.2414,0.9585
hle_604,directllm,HLE,11076,0.278562,0.223974,-0.054588,0.2475,0.908
hle_607,directllm,HLE,12328,0.35543,0.298269,-0.057161,0.25,0.8759
hle_614,directllm,HLE,7929,0.370236,0.361589,-0.008646,0.2498,0.8329
hle_625,directllm,HLE,5860,0.474742,0.418734,-0.056007,0.2495,0.8397
hle_633,directllm,HLE,11369,0.482896,0.412614,-0.070282,0.2499,0.8386
hle_636,directllm,HLE,10054,0.577317,0.355149,-0.222168,0.2499,0.8305
hle_643,directllm,HLE,32768,0.144945,0.000164,-0.144781,0.2278,0.9873
hle_647,directllm,HLE,7258,0.423141,0.295413,-0.127728,0.2498,0.8525
hle_653,directllm,HLE,3801,0.443669,0.504441,0.060772,0.2499,0.8255
hle_654,directllm,HLE,9492,0.587981,0.363189,-0.224793,0.25,0.8269
hle_655,directllm,HLE,32768,0.053919,1.4e-05,-0.053905,0.1927,0.9954
hle_660,directllm,HLE,32768,0.072467,0.000201,-0.072267,0.2356,0.9938
hle_661,directllm,HLE,20581,0.373554,0.104859,-0.268695,0.2466,0.9125
hle_668,directllm,HLE,6141,0.653599,0.454779,-0.19882,0.25,0.805
hle_677,directllm,HLE,6244,0.631093,0.423588,-0.207504,0.25,0.8045
hle_678,directllm,HLE,7138,0.473777,0.337826,-0.13595,0.2498,0.8431
hle_68,directllm,HLE,32768,0.249342,0.000171,-0.249171,0.2395,0.9785
hle_681,directllm,HLE,14623,0.388998,0.207214,-0.181784,0.2494,0.8944
hle_687,directllm,HLE,8050,0.290247,0.233011,-0.057236,0.2493,0.9056
hle_688,directllm,HLE,2581,0.379538,0.347759,-0.031779,0.2499,0.8723
hle_690,directllm,HLE,32768,0.432773,0.000557,-0.432216,0.2035,0.9614
hle_692,directllm,HLE,19176,0.28339,0.207332,-0.076058,0.247,0.9102
hle_694,directllm,HLE,6287,0.659813,0.422938,-0.236875,0.25,0.809
hle_696,directllm,HLE,20193,0.244576,0.213766,-0.030809,0.2483,0.9136
hle_697,directllm,HLE,7765,0.759791,0.49081,-0.268981,0.25,0.7743
hle_698,directllm,HLE,6181,0.212674,0.154685,-0.057989,0.2493,0.9335
hle_699,directllm,HLE,7720,0.483356,0.349317,-0.134039,0.25,0.8346
hle_70,directllm,HLE,5798,0.558863,0.424487,-0.134376,0.2501,0.8089
hle_700,directllm,HLE,5945,0.523809,0.417521,-0.106288,0.25,0.8205
hle_705,directllm,HLE,32768,0.092147,4.8e-05,-0.0921,0.2209,0.9923
hle_707,directllm,HLE,23926,0.326935,0.154599,-0.172336,0.248,0.9123
hle_708,directllm,HLE,32768,0.360586,0.000476,-0.36011,0.1887,0.9669
hle_711,directllm,HLE,17265,0.268532,0.144593,-0.12394,0.2488,0.928
hle_72,directllm,HLE,32768,0.273118,0.001055,-0.272063,0.2444,0.9486
hle_724,directllm,HLE,11550,0.48558,0.228095,-0.257485,0.2497,0.8706
hle_728,directllm,HLE,25906,0.212876,0.079928,-0.132948,0.2469,0.9395
hle_747,directllm,HLE,11587,0.457136,0.259174,-0.197962,0.2493,0.8592
hle_75,directllm,HLE,11415,0.466877,0.349601,-0.117276,0.25,0.8505
hle_752,directllm,HLE,9045,0.323364,0.273331,-0.050033,0.2492,0.8765
hle_773,directllm,HLE,3941,0.403358,0.324305,-0.079053,0.2499,0.8597
hle_779,directllm,HLE,9319,0.260271,0.220646,-0.039625,0.2482,0.8997
hle_787,directllm,HLE,32768,0.329781,0.000214,-0.329567,0.2263,0.9702
hle_790,directllm,HLE,6756,0.309884,0.277344,-0.03254,0.2499,0.892
hle_791,directllm,HLE,9699,0.459758,0.37454,-0.085218,0.25,0.8386
hle_792,directllm,HLE,19236,0.345827,0.220652,-0.125175,0.2489,0.9045
hle_800,directllm,HLE,32768,0.481155,0.000309,-0.480846,0.2358,0.9573
hle_801,directllm,HLE,4797,0.316233,0.266203,-0.050029,0.2497,0.884
hle_805,directllm,HLE,11487,0.249557,0.131593,-0.117964,0.2476,0.9335
hle_807,directllm,HLE,32768,0.08184,0.000104,-0.081737,0.2392,0.9926
hle_808,directllm,HLE,32768,0.307757,8.7e-05,-0.30767,0.1643,0.9733
hle_810,directllm,HLE,16890,0.334385,0.262155,-0.072231,0.2484,0.8845
hle_812,directllm,HLE,6415,0.464124,0.430365,-0.033759,0.25,0.8331
hle_814,directllm,HLE,32768,0.090653,5e-05,-0.090603,0.239,0.9925
hle_819,directllm,HLE,22568,0.345459,0.222198,-0.123261,0.2469,0.9136
hle_822,directllm,HLE,6941,0.313031,0.141664,-0.171367,0.2482,0.922
hle_825,directllm,HLE,32768,0.098743,0.000109,-0.098634,0.2478,0.9909
hle_827,directllm,HLE,14945,0.390481,0.157407,-0.233074,0.2476,0.9157
hle_829,directllm,HLE,21978,0.303904,0.234105,-0.069798,0.2477,0.9006
hle_830,directllm,HLE,9747,0.332542,0.352497,0.019955,0.2489,0.8712
hle_831,directllm,HLE,8450,0.293888,0.239186,-0.054702,0.2488,0.8954
hle_834,directllm,HLE,9314,0.030068,0.233783,0.203715,0.2495,0.9572
hle_835,directllm,HLE,32768,0.209683,4e-05,-0.209643,0.2231,0.9807
hle_84,directllm,HLE,32768,0.242171,0.000125,-0.242046,0.2375,0.9785
hle_85,directllm,HLE,9070,0.582236,0.411344,-0.170892,0.2501,0.8109
hle_855,directllm,HLE,16109,0.35771,0.230731,-0.126979,0.2491,0.8883
hle_867,directllm,HLE,19028,0.220126,0.089683,-0.130442,0.2488,0.9298
hle_87,directllm,HLE,6114,0.566045,0.445442,-0.120602,0.2501,0.8128
hle_875,directllm,HLE,17348,0.484607,0.205299,-0.279308,0.2497,0.8747
hle_876,directllm,HLE,7967,0.378132,0.376108,-0.002024,0.2499,0.8586
hle_877,directllm,HLE,5156,0.395069,0.415307,0.020237,0.2498,0.8412
hle_88,directllm,HLE,10886,0.415132,0.315346,-0.099786,0.2495,0.8529
hle_880,directllm,HLE,32768,0.290559,0.000196,-0.290364,0.2384,0.9557
hle_883,directllm,HLE,10683,0.356383,0.303879,-0.052504,0.2494,0.8742
hle_885,directllm,HLE,12656,0.436947,0.389457,-0.04749,0.2499,0.844
hle_892,directllm,HLE,19784,0.236504,0.122906,-0.113598,0.2466,0.9379
hle_893,directllm,HLE,13441,0.369411,0.281932,-0.087478,0.249,0.8802
hle_894,directllm,HLE,15357,0.452183,0.236458,-0.215725,0.2499,0.8738
hle_897,directllm,HLE,13202,0.320744,0.225033,-0.095711,0.2498,0.9097
hle_905,directllm,HLE,32768,0.201858,3.9e-05,-0.201819,0.1966,0.9826
hle_911,directllm,HLE,11880,0.403261,0.311957,-0.091304,0.2497,0.8628
hle_917,directllm,HLE,32768,0.371262,0.000491,-0.370771,0.2372,0.956
hle_921,directllm,HLE,4621,0.601008,0.404361,-0.196647,0.2499,0.8299
hle_923,directllm,HLE,3471,0.183674,0.214846,0.031172,0.2498,0.9217
hle_926,directllm,HLE,7815,0.601292,0.41287,-0.188422,0.25,0.8213
hle_930,directllm,HLE,14436,0.231382,0.234011,0.00263,0.2471,0.9209
hle_931,directllm,HLE,18024,0.368125,0.20493,-0.163195,0.2464,0.9109
hle_934,directllm,HLE,32768,0.512706,0.000595,-0.512112,0.2493,0.9431
hle_935,directllm,HLE,6936,0.488344,0.513812,0.025468,0.25,0.8042
hle_936,directllm,HLE,21132,0.346984,0.184119,-0.162865,0.2486,0.9039
hle_937,directllm,HLE,7034,0.608603,0.431116,-0.177487,0.2501,0.8033
hle_938,directllm,HLE,32768,0.099929,5.7e-05,-0.099872,0.2302,0.9915
hle_942,directllm,HLE,32768,0.15399,0.000142,-0.153848,0.2104,0.9838
hle_945,directllm,HLE,7646,0.516431,0.271677,-0.244755,0.2497,0.8542
hle_948,directllm,HLE,7226,0.20707,0.268849,0.06178,0.2492,0.9001
hle_95,directllm,HLE,6419,0.446414,0.438141,-0.008273,0.25,0.8278
hle_966,directllm,HLE,4872,0.604783,0.489898,-0.114885,0.25,0.7986
hle_967,directllm,HLE,5868,0.714254,0.432639,-0.281615,0.25,0.8009
hle_969,directllm,HLE,32768,0.174917,0.1238,-0.051117,0.2403,0.944
hle_970,directllm,HLE,32768,0.378018,0.000364,-0.377654,0.2222,0.9606
hle_971,directllm,HLE,1934,0.413899,0.347655,-0.066244,0.2497,0.8577
hle_978,directllm,HLE,6554,0.410909,0.270584,-0.140325,0.2492,0.8784
hle_98,directllm,HLE,2078,0.251063,0.177233,-0.07383,0.2502,0.9092
hle_980,directllm,HLE,19602,0.295723,0.15288,-0.142843,0.2486,0.9184
hle_981,directllm,HLE,7651,0.427807,0.398559,-0.029249,0.25,0.8294
hle_988,directllm,HLE,6066,0.540257,0.428303,-0.111954,0.2501,0.813
hle_997,directllm,HLE,12013,0.338483,0.24007,-0.098414,0.2499,0.8992
hle_999,directllm,HLE,32768,0.081064,3.1e-05,-0.081033,0.1927,0.9926
hle_1,opencode,HLE,448,0.318588,0.24039,-0.078198,0.25,0.88
hle_1008,opencode,HLE,41439,0.083046,0.000406,-0.08264,0.2493,0.9932
hle_1009,opencode,HLE,801,0.452269,0.403352,-0.048917,0.2497,0.8282
hle_1012,opencode,HLE,1746,0.241075,0.187988,-0.053087,0.2503,0.8675
hle_1019,opencode,HLE,952,0.522209,0.364577,-0.157632,0.25,0.8422
hle_1021,opencode,HLE,1044,0.179684,0.168176,-0.011509,0.25,0.9148
hle_1022,opencode,HLE,1108,0.33121,0.321879,-0.009331,0.25,0.8566
hle_1023,opencode,HLE,42391,0.078908,0.001152,-0.077756,0.2496,0.9927
hle_1024,opencode,HLE,814,0.320433,0.327994,0.007561,0.2506,0.8698
hle_1031,opencode,HLE,2471,0.352752,0.143803,-0.208949,0.2501,0.9074
hle_1038,opencode,HLE,1186,0.389412,0.349716,-0.039697,0.2504,0.8328
hle_1045,opencode,HLE,34259,0.030129,0.002498,-0.027632,0.2497,0.9972
hle_1046,opencode,HLE,1598,0.139423,0.213413,0.07399,0.2503,0.8974
hle_1047,opencode,HLE,1298,0.352364,0.095117,-0.257247,0.2504,0.9008
hle_1048,opencode,HLE,1657,0.309749,0.100329,-0.209421,0.2474,0.9315
hle_1049,opencode,HLE,28136,0.204253,0.000857,-0.203396,0.2487,0.9832
hle_1050,opencode,HLE,23795,0.210668,0.002573,-0.208095,0.25,0.9822
hle_1051,opencode,HLE,4434,0.202219,0.114371,-0.087848,0.2501,0.9403
hle_1052,opencode,HLE,3672,0.554183,0.07948,-0.474703,0.25,0.8637
hle_1054,opencode,HLE,1711,0.367869,0.273954,-0.093915,0.2501,0.8104
hle_1055,opencode,HLE,2827,0.475241,0.30891,-0.166331,0.2497,0.857
hle_1056,opencode,HLE,1990,0.383879,0.173773,-0.210106,0.2503,0.8888
hle_1057,opencode,HLE,2102,0.439108,0.307585,-0.131523,0.2502,0.8205
hle_1058,opencode,HLE,1642,0.568877,0.15631,-0.412567,0.2497,0.8915
hle_1066,opencode,HLE,825,0.443044,0.321849,-0.121195,0.2497,0.8597
hle_1067,opencode,HLE,958,0.311581,0.251053,-0.060528,0.2495,0.8745
hle_1070,opencode,HLE,1571,0.324491,0.376786,0.052296,0.2502,0.7982
hle_1071,opencode,HLE,1619,0.460241,0.245545,-0.214696,0.2502,0.8522
hle_1073,opencode,HLE,765,0.615378,0.019958,-0.595419,0.2497,0.9288
hle_1074,opencode,HLE,684,0.50328,0.581484,0.078204,0.25,0.8257
hle_1077,opencode,HLE,1304,0.540809,0.274706,-0.266103,0.25,0.8415
hle_1079,opencode,HLE,1488,0.388355,0.431798,0.043443,0.25,0.8388
hle_108,opencode,HLE,42573,0.044492,0.000988,-0.043505,0.2494,0.9962
hle_1080,opencode,HLE,1239,0.258826,0.400523,0.141697,0.2502,0.8252
hle_1081,opencode,HLE,1205,0.290274,0.297689,0.007415,0.2498,0.8769
hle_1083,opencode,HLE,373,0.336118,0.488706,0.152587,0.2493,0.8082
hle_1084,opencode,HLE,946,0.504314,0.41568,-0.088634,0.2505,0.8122
hle_1088,opencode,HLE,1693,0.444229,0.366258,-0.077971,0.2499,0.8536
hle_1089,opencode,HLE,817,0.544735,0.36811,-0.176624,0.2497,0.8312
hle_109,opencode,HLE,759,0.410721,0.503616,0.092895,0.2503,0.8197
hle_1098,opencode,HLE,35303,0.114663,0.000595,-0.114069,0.25,0.9905
hle_11,opencode,HLE,2689,0.259359,0.274413,0.015055,0.2499,0.8633
hle_1108,opencode,HLE,35399,0.119738,0.001187,-0.118551,0.2496,0.9901
hle_1109,opencode,HLE,36053,0.066217,0.001031,-0.065186,0.2494,0.9946
hle_111,opencode,HLE,1195,0.273822,0.372084,0.098263,0.2502,0.8398
hle_1116,opencode,HLE,1004,0.258802,0.217998,-0.040805,0.25,0.8632
hle_1119,opencode,HLE,725,0.359965,0.206813,-0.153152,0.2497,0.8834
hle_112,opencode,HLE,2336,0.225719,0.194169,-0.03155,0.25,0.8931
hle_1120,opencode,HLE,36611,0.099989,0.000963,-0.099026,0.2499,0.992
hle_1126,opencode,HLE,2933,0.294596,0.14385,-0.150746,0.2499,0.9337
hle_1127,opencode,HLE,2654,0.317299,0.175737,-0.141562,0.2502,0.8991
hle_1128,opencode,HLE,4296,0.205615,0.171788,-0.033827,0.25,0.9143
hle_1129,opencode,HLE,1515,0.537246,0.383101,-0.154145,0.2502,0.8159
hle_1130,opencode,HLE,2071,0.363585,0.171136,-0.192449,0.2501,0.8982
hle_1133,opencode,HLE,1557,0.478473,0.005941,-0.472532,0.2498,0.9601
hle_1135,opencode,HLE,924,0.45918,0.626133,0.166954,0.25,0.7936
hle_1137,opencode,HLE,684,0.294032,0.23318,-0.060852,0.2485,0.85
hle_1138,opencode,HLE,1241,0.347044,0.236828,-0.110216,0.2498,0.8775
hle_1139,opencode,HLE,1547,0.205117,0.262724,0.057607,0.2495,0.8592
hle_114,opencode,HLE,2066,0.305504,0.154159,-0.151346,0.2502,0.8732
hle_115,opencode,HLE,1300,0.387806,0.358528,-0.029278,0.25,0.8245
hle_1150,opencode,HLE,3692,0.241108,0.009584,-0.231524,0.2492,0.9792
hle_1153,opencode,HLE,1155,0.421381,0.231249,-0.190132,0.2502,0.8546
hle_1159,opencode,HLE,1197,0.426845,0.263739,-0.163106,0.249,0.8528
hle_1166,opencode,HLE,6657,0.435482,0.114653,-0.320829,0.2497,0.9235
hle_117,opencode,HLE,7113,0.566604,0.003282,-0.563323,0.2498,0.9146
hle_1174,opencode,HLE,972,0.446167,0.426835,-0.019332,0.25,0.8069
hle_1177,opencode,HLE,1317,0.375597,0.440979,0.065382,0.2498,0.8072
hle_1179,opencode,HLE,622,0.418136,0.275085,-0.143051,0.2508,0.8856
hle_118,opencode,HLE,697,0.396792,0.272453,-0.124339,0.2496,0.8805
hle_1182,opencode,HLE,2954,0.188757,0.002387,-0.18637,0.216,0.9834
hle_1188,opencode,HLE,1515,0.3694,0.373683,0.004283,0.2502,0.8021
hle_119,opencode,HLE,42568,0.204743,0.001852,-0.202891,0.2499,0.9826
hle_1192,opencode,HLE,936,0.299008,0.243964,-0.055044,0.25,0.8708
hle_1196,opencode,HLE,878,0.392419,0.417216,0.024798,0.2506,0.8355
hle_1198,opencode,HLE,33837,0.067487,0.000995,-0.066493,0.2492,0.9945
hle_120,opencode,HLE,851,0.423086,0.286154,-0.136932,0.2503,0.8612
hle_1207,opencode,HLE,1207,0.348941,0.581455,0.232515,0.2502,0.7979
hle_1215,opencode,HLE,31569,0.217603,0.000928,-0.216675,0.249,0.9816
hle_1219,opencode,HLE,823,0.305264,0.33426,0.028996,0.2503,0.8677
hle_1220,opencode,HLE,1107,0.545915,0.445227,-0.100688,0.2502,0.8008
hle_123,opencode,HLE,416,0.426558,0.101234,-0.325324,0.2476,0.8838
hle_1231,opencode,HLE,27525,0.11406,0.001087,-0.112973,0.2493,0.9905
hle_1234,opencode,HLE,2351,0.38224,0.528858,0.146619,0.2501,0.8063
hle_1235,opencode,HLE,1815,0.412883,0.003694,-0.409189,0.249,0.9658
hle_1236,opencode,HLE,8029,0.193438,0.004755,-0.188683,0.2488,0.9832
hle_1240,opencode,HLE,2234,0.331945,0.462139,0.130193,0.2502,0.8699
hle_1241,opencode,HLE,558,0.521029,0.29774,-0.223289,0.2509,0.8464
hle_1246,opencode,HLE,25261,0.254269,0.001,-0.25327,0.2496,0.9792
hle_1249,opencode,HLE,902,0.396987,0.428818,0.031831,0.2506,0.8341
hle_126,opencode,HLE,371,0.267576,0.7518,0.484224,0.2507,0.8279
hle_1260,opencode,HLE,25679,0.227307,0.001178,-0.22613,0.2498,0.9813
hle_1263,opencode,HLE,774,0.452201,0.35401,-0.098191,0.2506,0.8328
hle_1269,opencode,HLE,4065,0.160087,0.009,-0.151086,0.2492,0.9856
hle_1272,opencode,HLE,641,0.468635,0.46745,-0.001185,0.2496,0.8178
hle_1276,opencode,HLE,1169,0.369994,0.277871,-0.092123,0.2498,0.8597
hle_1285,opencode,HLE,897,0.358432,0.376379,0.017946,0.2497,0.8084
hle_1290,opencode,HLE,828,0.304844,0.388968,0.084125,0.25,0.8513
hle_1292,opencode,HLE,2846,0.212569,0.009727,-0.202841,0.2365,0.9818
hle_1298,opencode,HLE,1210,0.199166,0.34294,0.143775,0.2504,0.8405
hle_13,opencode,HLE,4805,0.246312,0.087853,-0.158459,0.2497,0.9475
hle_1301,opencode,HLE,26897,0.173667,0.001384,-0.172283,0.2494,0.9858
hle_1308,opencode,HLE,21272,0.111431,0.001242,-0.110189,0.2492,0.9906
hle_1309,opencode,HLE,484,0.393469,0.271172,-0.122296,0.25,0.8681
hle_131,opencode,HLE,841,0.341583,0.297409,-0.044175,0.2497,0.8373
hle_1312,opencode,HLE,2186,0.319092,0.329493,0.010402,0.2498,0.8563
hle_1315,opencode,HLE,628,0.463087,0.352716,-0.11037,0.25,0.8341
hle_1316,opencode,HLE,840,0.393073,0.369299,-0.023775,0.2488,0.8333
hle_1317,opencode,HLE,2919,0.407875,0.2609,-0.146975,0.2501,0.8859
hle_1325,opencode,HLE,27669,0.082591,0.000618,-0.081974,0.2487,0.9931
hle_1330,opencode,HLE,27757,0.144951,0.000887,-0.144064,0.2469,0.9884
hle_1332,opencode,HLE,2184,0.197374,0.355456,0.158082,0.25,0.8598
hle_1333,opencode,HLE,1781,0.408773,0.372193,-0.03658,0.2499,0.8308
hle_1334,opencode,HLE,854,0.507433,0.39731,-0.110123,0.2506,0.8152
hle_1339,opencode,HLE,1155,0.368474,0.364467,-0.004007,0.2502,0.8525
hle_1340,opencode,HLE,833,0.389887,0.42999,0.040103,0.2497,0.8349
hle_1341,opencode,HLE,1385,0.216673,0.260396,0.043723,0.2498,0.8568
hle_1342,opencode,HLE,710,0.475909,0.246344,-0.229565,0.2507,0.8437
hle_1344,opencode,HLE,791,0.386513,0.304117,-0.082396,0.2503,0.852
hle_1347,opencode,HLE,731,0.212187,0.190567,-0.02162,0.249,0.8972
hle_136,opencode,HLE,12737,0.25111,0.001285,-0.249825,0.2476,0.9793
hle_1365,opencode,HLE,967,0.396513,0.354448,-0.042064,0.2503,0.8486
hle_1370,opencode,HLE,519,0.350995,0.461964,0.110969,0.2505,0.8314
hle_1376,opencode,HLE,739,0.385358,0.320064,-0.065294,0.2503,0.8636
hle_1379,opencode,HLE,3007,0.49838,0.197418,-0.300962,0.2501,0.9182
hle_138,opencode,HLE,1508,0.220933,0.58249,0.361557,0.25,0.8591
hle_1380,opencode,HLE,795,0.407048,0.369629,-0.03742,0.2503,0.8119
hle_1381,opencode,HLE,706,0.391023,0.342887,-0.048136,0.2507,0.8613
hle_1382,opencode,HLE,1099,0.361978,0.373277,0.011299,0.2502,0.8225
hle_1383,opencode,HLE,1109,0.313471,0.289323,-0.024148,0.2498,0.8697
hle_1384,opencode,HLE,42389,0.063198,0.000573,-0.062625,0.249,0.9949
hle_1385,opencode,HLE,1454,0.355647,0.347513,-0.008134,0.2503,0.8184
hle_1386,opencode,HLE,786,0.326197,0.498065,0.171869,0.2494,0.8349
hle_1388,opencode,HLE,1792,0.595388,0.263474,-0.331914,0.25,0.8567
hle_1389,opencode,HLE,974,0.368303,0.320073,-0.048229,0.2505,0.8505
hle_1390,opencode,HLE,1333,0.243873,0.354202,0.110329,0.2498,0.884
hle_1391,opencode,HLE,797,0.323541,0.372823,0.049282,0.2497,0.8449
hle_1392,opencode,HLE,1893,0.198787,0.307995,0.109207,0.2499,0.9266
hle_1393,opencode,HLE,1296,0.258485,0.427816,0.169331,0.25,0.8264
hle_1394,opencode,HLE,42202,0.066038,0.000403,-0.065635,0.2487,0.9947
hle_1395,opencode,HLE,834,0.3852,0.44703,0.061831,0.2506,0.8262
hle_1396,opencode,HLE,993,0.489323,0.355154,-0.134169,0.2497,0.8334
hle_1397,opencode,HLE,1614,0.481553,0.369792,-0.111762,0.2503,0.847
hle_1399,opencode,HLE,1717,0.251488,0.472304,0.220816,0.2493,0.8706
hle_14,opencode,HLE,1449,0.082233,0.402577,0.320344,0.2498,0.8701
hle_1401,opencode,HLE,1022,0.348629,0.344173,-0.004456,0.2505,0.8599
hle_1407,opencode,HLE,42621,0.140515,0.000855,-0.139661,0.2496,0.9887
hle_141,opencode,HLE,1085,0.218392,0.350414,0.132022,0.2498,0.8571
hle_1415,opencode,HLE,1019,0.470381,0.230806,-0.239575,0.2502,0.8732
hle_1419,opencode,HLE,961,0.444729,0.339688,-0.105041,0.2497,0.8638
hle_142,opencode,HLE,861,0.373037,0.291721,-0.081316,0.2497,0.8851
hle_1420,opencode,HLE,834,0.29785,0.273126,-0.024724,0.2506,0.8699
hle_1423,opencode,HLE,43062,0.07128,0.000573,-0.070706,0.2497,0.9937
hle_1424,opencode,HLE,839,0.400591,0.431333,0.030742,0.2503,0.8399
hle_1433,opencode,HLE,778,0.351804,0.389632,0.037828,0.2506,0.8576
hle_1436,opencode,HLE,43588,0.065972,0.000843,-0.065129,0.2496,0.9947
hle_144,opencode,HLE,41904,0.063998,0.000641,-0.063358,0.2486,0.995
hle_1444,opencode,HLE,1579,0.382317,0.358005,-0.024312,0.2502,0.833
hle_1446,opencode,HLE,864,0.267401,0.483261,0.21586,0.25,0.8389
hle_145,opencode,HLE,738,0.355946,0.379638,0.023692,0.2507,0.8576
hle_1450,opencode,HLE,37051,0.084564,0.00551,-0.079054,0.2489,0.9921
hle_1452,opencode,HLE,1286,0.430649,0.48638,0.055731,0.2504,0.8026
hle_1454,opencode,HLE,1633,0.373183,0.397479,0.024296,0.2498,0.8033
hle_1457,opencode,HLE,1220,0.624127,0.514598,-0.109529,0.25,0.7859
hle_1458,opencode,HLE,776,0.421482,0.491524,0.070043,0.25,0.8284
hle_1459,opencode,HLE,2224,0.529666,0.246321,-0.283345,0.2496,0.8862
hle_1460,opencode,HLE,1380,0.265344,0.397303,0.131959,0.25,0.8278
hle_1462,opencode,HLE,1050,0.202809,0.4123,0.209491,0.2505,0.8433
hle_1463,opencode,HLE,1504,0.443976,0.229736,-0.21424,0.25,0.8466
hle_1467,opencode,HLE,31152,0.140336,0.001091,-0.139245,0.249,0.9886
hle_1476,opencode,HLE,1235,0.374763,0.353807,-0.020956,0.2502,0.8459
hle_1481,opencode,HLE,1325,0.346125,0.015708,-0.330417,0.2491,0.9702
hle_1487,opencode,HLE,1583,0.321744,0.309785,-0.011959,0.2502,0.8463
hle_1488,opencode,HLE,27028,0.094137,0.001633,-0.092504,0.249,0.992
hle_1489,opencode,HLE,1403,0.470993,0.379053,-0.09194,0.2502,0.7793
hle_1494,opencode,HLE,962,0.239644,0.316039,0.076395,0.2495,0.8494
hle_1502,opencode,HLE,1225,0.183668,0.299866,0.116199,0.2498,0.8692
hle_1504,opencode,HLE,8599,0.309831,0.078508,-0.231323,0.2493,0.9491
hle_1505,opencode,HLE,1024,0.262215,0.226089,-0.036125,0.25,0.866
hle_1509,opencode,HLE,8089,0.121387,0.001914,-0.119473,0.2496,0.9904
hle_1511,opencode,HLE,678,0.376594,0.334118,-0.042476,0.2507,0.8488
hle_1512,opencode,HLE,632,0.256912,0.320587,0.063675,0.25,0.8712
hle_1513,opencode,HLE,1057,0.487062,0.461661,-0.025401,0.2498,0.8205
hle_1517,opencode,HLE,1033,0.45197,0.278325,-0.173645,0.2498,0.8657
hle_1518,opencode,HLE,1444,0.503323,0.466804,-0.036519,0.25,0.8063
hle_1519,opencode,HLE,1175,0.43641,0.465379,0.028969,0.2502,0.8141
hle_1520,opencode,HLE,43526,0.086089,0.000541,-0.085548,0.2485,0.993
hle_1522,opencode,HLE,1127,0.479814,0.180441,-0.299373,0.2502,0.8453
hle_1524,opencode,HLE,758,0.468643,0.438561,-0.030082,0.2507,0.818
hle_1528,opencode,HLE,43529,0.221414,0.000594,-0.22082,0.2485,0.9813
hle_1530,opencode,HLE,1288,0.22335,0.307486,0.084136,0.25,0.8568
hle_1534,opencode,HLE,1844,0.578828,0.547008,-0.03182,0.25,0.7521
hle_1536,opencode,HLE,1113,0.285308,0.335689,0.050381,0.2498,0.8671
hle_1545,opencode,HLE,44090,0.103001,0.000846,-0.102155,0.2497,0.9915
hle_1546,opencode,HLE,1457,0.417074,0.426177,0.009103,0.2498,0.7971
hle_1547,opencode,HLE,1481,0.204614,0.30867,0.104056,0.2498,0.8587
hle_155,opencode,HLE,41808,0.049166,0.000468,-0.048698,0.2497,0.9961
hle_1553,opencode,HLE,772,0.416618,0.300196,-0.116423,0.25,0.8587
hle_1563,opencode,HLE,44470,0.084362,0.001142,-0.083221,0.2499,0.9922
hle_1565,opencode,HLE,827,0.394591,0.352506,-0.042085,0.2503,0.8537
hle_1567,opencode,HLE,44450,0.096666,0.001175,-0.09549,0.2499,0.9918
hle_1568,opencode,HLE,826,0.639353,0.526292,-0.113062,0.2506,0.7835
hle_1569,opencode,HLE,1644,0.280871,0.375062,0.094191,0.2494,0.8178
hle_1572,opencode,HLE,940,0.306364,0.315016,0.008652,0.25,0.8834
hle_1577,opencode,HLE,821,0.239551,0.255601,0.01605,0.2473,0.9033
hle_158,opencode,HLE,1783,0.68349,0.439829,-0.243661,0.2501,0.819
hle_1586,opencode,HLE,324,0.298928,0.660432,0.361504,0.25,0.8212
hle_1590,opencode,HLE,36515,0.133848,0.001434,-0.132414,0.2496,0.9885
hle_1596,opencode,HLE,1581,0.469894,0.404537,-0.065358,0.2498,0.8129
hle_1598,opencode,HLE,923,0.427635,0.241565,-0.186069,0.2503,0.842
hle_16,opencode,HLE,939,0.294705,0.396319,0.101614,0.2503,0.8221
hle_1601,opencode,HLE,1633,0.331843,0.36238,0.030538,0.2498,0.8008
hle_1606,opencode,HLE,30869,0.016392,0.00067,-0.015722,0.2484,0.9989
hle_1613,opencode,HLE,970,0.323707,0.215374,-0.108332,0.2505,0.8856
hle_1630,opencode,HLE,879,0.523001,0.390946,-0.132055,0.2503,0.8297
hle_1651,opencode,HLE,529,0.556889,0.41193,-0.14496,0.2495,0.8318
hle_1666,opencode,HLE,826,0.278437,0.366407,0.08797,0.2506,0.8694
hle_167,opencode,HLE,1412,0.203156,0.415626,0.21247,0.25,0.844
hle_1672,opencode,HLE,27018,0.028634,0.002619,-0.026015,0.2499,0.9977
hle_1676,opencode,HLE,1047,0.37622,0.20702,-0.1692,0.2502,0.8734
hle_1679,opencode,HLE,22943,0.130838,0.000858,-0.129979,0.249,0.9889
hle_1680,opencode,HLE,1144,0.451516,0.369183,-0.082333,0.25,0.8568
hle_1682,opencode,HLE,830,0.460031,0.244753,-0.215278,0.2506,0.8686
hle_1683,opencode,HLE,624,0.225747,0.058955,-0.166792,0.2484,0.9718
hle_1685,opencode,HLE,2098,0.228612,0.533393,0.304781,0.2502,0.8504
hle_1686,opencode,HLE,1316,0.411565,0.429812,0.018246,0.25,0.7936
hle_169,opencode,HLE,41808,0.118675,0.000717,-0.117958,0.2493,0.9903
hle_1690,opencode,HLE,2767,0.161712,0.277294,0.115582,0.2501,0.8922
hle_1694,opencode,HLE,1534,0.440521,0.430826,-0.009695,0.2503,0.8176
hle_1696,opencode,HLE,21557,0.162452,0.001196,-0.161255,0.2489,0.9862
hle_1697,opencode,HLE,920,0.190384,0.481954,0.29157,0.25,0.8796
hle_1699,opencode,HLE,869,0.375591,0.312973,-0.062618,0.2497,0.8771
hle_1705,opencode,HLE,42221,0.013175,0.00115,-0.012026,0.2497,0.9989
hle_1716,opencode,HLE,830,0.589082,0.675148,0.086066,0.2506,0.784
hle_1719,opencode,HLE,557,0.372521,0.276511,-0.096009,0.2496,0.8641
hle_1740,opencode,HLE,819,0.214224,0.362131,0.147907,0.2503,0.8713
hle_1743,opencode,HLE,808,0.40511,0.354191,-0.050919,0.25,0.8543
hle_1745,opencode,HLE,1002,0.212899,0.234924,0.022024,0.2505,0.8972
hle_1749,opencode,HLE,1237,0.399959,0.310942,-0.089017,0.2498,0.8588
hle_1750,opencode,HLE,6954,0.276561,0.115768,-0.160793,0.2498,0.938
hle_1755,opencode,HLE,819,0.444004,0.363999,-0.080005,0.2503,0.853
hle_1756,opencode,HLE,773,0.210514,0.376637,0.166123,0.2497,0.8766
hle_176,opencode,HLE,1738,0.246388,0.350236,0.103847,0.2503,0.8472
hle_1761,opencode,HLE,845,0.237197,0.279073,0.041876,0.2497,0.8865
hle_1762,opencode,HLE,43091,0.065129,0.000875,-0.064254,0.2498,0.9947
hle_1766,opencode,HLE,1092,0.369088,0.333522,-0.035566,0.25,0.8617
hle_178,opencode,HLE,41819,0.082024,0.001034,-0.08099,0.2498,0.9934
hle_1787,opencode,HLE,23640,0.184769,0.001364,-0.183405,0.2493,0.9849
hle_179,opencode,HLE,969,0.427618,0.460743,0.033125,0.2497,0.8204
hle_1792,opencode,HLE,646,0.198192,0.221158,0.022966,0.2508,0.8987
hle_1799,opencode,HLE,993,0.343429,0.418138,0.074709,0.2497,0.8435
hle_1800,opencode,HLE,4138,0.337538,0.246265,-0.091273,0.2501,0.8882
hle_1803,opencode,HLE,23677,0.180741,0.000923,-0.179818,0.2486,0.9836
hle_1804,opencode,HLE,1680,0.513983,0.193553,-0.32043,0.25,0.8637
hle_1808,opencode,HLE,1055,0.476496,0.355182,-0.121314,0.2502,0.8457
hle_1809,opencode,HLE,1118,0.471724,0.262845,-0.208879,0.2504,0.8489
hle_1810,opencode,HLE,654,0.580716,0.535104,-0.045613,0.2508,0.7822
hle_1817,opencode,HLE,1191,0.494345,0.310914,-0.183431,0.2502,0.868
hle_1827,opencode,HLE,742,0.499699,0.431503,-0.068196,0.2507,0.8166
hle_1836,opencode,HLE,5441,0.518422,0.437532,-0.080891,0.25,0.8238
hle_1837,opencode,HLE,1832,0.510215,0.004962,-0.505253,0.25,0.957
hle_184,opencode,HLE,961,0.540357,0.369682,-0.170675,0.2497,0.818
hle_1843,opencode,HLE,24082,0.31779,0.001023,-0.316768,0.2489,0.9735
hle_1847,opencode,HLE,4472,0.388372,0.156916,-0.231456,0.25,0.9156
hle_185,opencode,HLE,975,0.463173,0.325175,-0.137998,0.2503,0.8297
hle_1853,opencode,HLE,3949,0.331687,0.229946,-0.101741,0.2477,0.8967
hle_1855,opencode,HLE,1095,0.616353,0.575565,-0.040788,0.2502,0.79
hle_1856,opencode,HLE,919,0.443215,0.333271,-0.109944,0.2503,0.87
hle_1861,opencode,HLE,678,0.56118,0.416896,-0.144284,0.2507,0.8108
hle_1862,opencode,HLE,842,0.279366,0.36026,0.080893,0.2506,0.8591
hle_1863,opencode,HLE,597,0.209896,0.097941,-0.111956,0.2496,0.938
hle_1864,opencode,HLE,783,0.336733,0.465423,0.12869,0.2503,0.8613
hle_1865,opencode,HLE,24085,0.079546,0.000755,-0.078792,0.2493,0.9933
hle_1869,opencode,HLE,956,0.352424,0.280662,-0.071763,0.25,0.8645
hle_187,opencode,HLE,1222,0.254817,0.145549,-0.109269,0.2496,0.8999
hle_1871,opencode,HLE,1139,0.471031,0.345129,-0.125902,0.2502,0.8632
hle_1877,opencode,HLE,1202,0.519545,0.3865,-0.133046,0.2504,0.816
hle_1880,opencode,HLE,992,0.397752,0.486658,0.088905,0.25,0.8294
hle_1884,opencode,HLE,904,0.480462,0.290294,-0.190168,0.25,0.8398
hle_1889,opencode,HLE,24071,0.237071,0.001049,-0.236021,0.2498,0.9808
hle_189,opencode,HLE,1034,0.187611,0.213091,0.02548,0.2505,0.894
hle_1890,opencode,HLE,638,0.292067,0.568226,0.276159,0.2508,0.8771
hle_1909,opencode,HLE,774,0.458464,0.443732,-0.014732,0.2506,0.8063
hle_191,opencode,HLE,656,0.289189,0.323662,0.034473,0.25,0.8854
hle_1917,opencode,HLE,1453,0.601775,0.39807,-0.203706,0.2498,0.8226
hle_1919,opencode,HLE,733,0.567465,0.416759,-0.150706,0.2497,0.8493
hle_1920,opencode,HLE,377,0.656565,0.39384,-0.262725,0.2493,0.8333
hle_1922,opencode,HLE,1374,0.541067,0.324619,-0.216448,0.2504,0.8262
hle_1926,opencode,HLE,15071,0.407376,0.001717,-0.40566,0.2498,0.9654
hle_1927,opencode,HLE,1031,0.202022,0.15453,-0.047492,0.2502,0.868
hle_1928,opencode,HLE,798,0.314467,0.350785,0.036319,0.2506,0.851
hle_193,opencode,HLE,683,0.21706,0.258231,0.041172,0.2504,0.8947
hle_1938,opencode,HLE,1177,0.462757,0.344766,-0.117991,0.2489,0.8279
hle_1940,opencode,HLE,1449,0.460177,0.360847,-0.09933,0.2498,0.8137
hle_1945,opencode,HLE,1058,0.279907,0.368757,0.088851,0.2505,0.8655
hle_1946,opencode,HLE,789,0.432052,0.495696,0.063644,0.2497,0.8293
hle_1947,opencode,HLE,1146,0.187104,0.241143,0.054039,0.2504,0.8598
hle_1958,opencode,HLE,23972,0.148642,0.001069,-0.147573,0.2487,0.988
hle_1965,opencode,HLE,23458,0.199053,0.000683,-0.19837,0.2491,0.9837
hle_1972,opencode,HLE,22436,0.198421,0.00108,-0.197341,0.2492,0.9832
hle_1980,opencode,HLE,1015,0.311119,0.372702,0.061584,0.2502,0.8502
hle_2003,opencode,HLE,950,0.494782,0.339112,-0.15567,0.2505,0.8436
hle_2005,opencode,HLE,22443,0.156467,0.000956,-0.155511,0.2493,0.9867
hle_2010,opencode,HLE,941,0.37372,0.533318,0.159597,0.2497,0.834
hle_2016,opencode,HLE,21946,0.215879,0.001087,-0.214792,0.2489,0.9818
hle_2022,opencode,HLE,21672,0.563386,0.001127,-0.562259,0.2492,0.9511
hle_2024,opencode,HLE,1011,0.36548,0.311708,-0.053771,0.2502,0.8505
hle_2037,opencode,HLE,643,0.238514,0.336685,0.098171,0.2488,0.8654
hle_2038,opencode,HLE,470,0.438863,0.362641,-0.076222,0.2511,0.8618
hle_2043,opencode,HLE,2622,0.095157,0.289798,0.194641,0.2502,0.9343
hle_2046,opencode,HLE,1090,0.366163,0.370405,0.004242,0.2505,0.8524
hle_2060,opencode,HLE,22456,0.334712,0.00177,-0.332943,0.2498,0.9711
hle_2062,opencode,HLE,176,0.269093,0.24137,-0.027723,0.25,0.8657
hle_2073,opencode,HLE,696,0.384091,0.296808,-0.087283,0.25,0.8729
hle_2074,opencode,HLE,761,0.391838,0.33774,-0.054098,0.2497,0.853
hle_2084,opencode,HLE,22804,0.112877,0.000822,-0.112054,0.2478,0.9905
hle_2087,opencode,HLE,1329,0.401246,0.507752,0.106506,0.2498,0.8158
hle_2088,opencode,HLE,3151,0.412879,0.272362,-0.140516,0.2501,0.883
hle_2091,opencode,HLE,1284,0.293406,0.377892,0.084486,0.25,0.8459
hle_2093,opencode,HLE,981,0.43283,0.39091,-0.04192,0.2497,0.865
hle_2097,opencode,HLE,2337,0.494136,0.288894,-0.205241,0.2499,0.8705
hle_210,opencode,HLE,41817,0.067961,0.000849,-0.067112,0.2495,0.9946
hle_2111,opencode,HLE,946,0.19409,0.343693,0.149603,0.2505,0.8494
hle_2116,opencode,HLE,1438,0.377578,0.311148,-0.06643,0.2503,0.8788
hle_2117,opencode,HLE,1095,0.520998,0.386443,-0.134555,0.2502,0.8191
hle_212,opencode,HLE,1621,0.533432,0.447776,-0.085656,0.2498,0.8085
hle_2120,opencode,HLE,22924,0.123457,0.000548,-0.122908,0.2473,0.9896
hle_2132,opencode,HLE,22825,0.185855,0.000842,-0.185014,0.2489,0.9841
hle_2140,opencode,HLE,1412,0.312786,0.177315,-0.13547,0.25,0.8913
hle_2153,opencode,HLE,1814,0.54162,0.18481,-0.35681,0.2492,0.8835
hle_2154,opencode,HLE,1940,0.25017,0.221243,-0.028927,0.2495,0.8769
hle_2158,opencode,HLE,1908,0.440019,0.483663,0.043644,0.25,0.801
hle_2163,opencode,HLE,606,0.295415,0.268917,-0.026498,0.2508,0.874
hle_2168,opencode,HLE,1096,0.49543,0.328521,-0.166909,0.25,0.8634
hle_2174,opencode,HLE,1151,0.383603,0.339809,-0.043795,0.2502,0.8442
hle_2177,opencode,HLE,1262,0.516178,0.52609,0.009913,0.2504,0.7642
hle_2179,opencode,HLE,1461,0.228206,0.298027,0.069821,0.2491,0.8764
hle_218,opencode,HLE,733,0.515676,0.470707,-0.044968,0.2497,0.7995
hle_2181,opencode,HLE,1269,0.346171,0.183051,-0.163119,0.2498,0.862
hle_2182,opencode,HLE,1290,0.384693,0.31057,-0.074123,0.2504,0.8242
hle_2187,opencode,HLE,24011,0.220047,0.001324,-0.218722,0.2499,0.9811
hle_2191,opencode,HLE,878,0.295786,0.267334,-0.028452,0.2506,0.8642
hle_2197,opencode,HLE,1649,0.456561,0.32886,-0.127701,0.2498,0.8406
hle_2199,opencode,HLE,826,0.454454,0.360951,-0.093503,0.2506,0.8491
hle_2200,opencode,HLE,909,0.437903,0.414857,-0.023047,0.2497,0.8245
hle_2202,opencode,HLE,2345,0.31011,0.191946,-0.118165,0.2499,0.8852
hle_2203,opencode,HLE,984,0.223826,0.412532,0.188706,0.25,0.8477
hle_2212,opencode,HLE,23961,0.136061,0.000985,-0.135076,0.2491,0.9886
hle_2214,opencode,HLE,1662,0.592219,0.009416,-0.582802,0.2491,0.9482
hle_2220,opencode,HLE,23805,0.292859,0.001491,-0.291369,0.2492,0.9746
hle_2225,opencode,HLE,416,0.579193,0.725499,0.146306,0.25,0.7493
hle_2248,opencode,HLE,1420,0.410351,0.350932,-0.059419,0.25,0.8514
hle_2250,opencode,HLE,1078,0.328759,0.421697,0.092938,0.2505,0.8571
hle_2252,opencode,HLE,1440,0.366359,0.285025,-0.081334,0.25,0.8655
hle_2257,opencode,HLE,22774,0.100823,0.000952,-0.099871,0.2493,0.9915
hle_2261,opencode,HLE,23137,0.096548,0.00123,-0.095318,0.2496,0.9918
hle_2263,opencode,HLE,525,0.548307,0.14022,-0.408087,0.2495,0.8598
hle_2285,opencode,HLE,1055,0.289289,0.347991,0.058702,0.2502,0.8349
hle_2305,opencode,HLE,5268,0.199674,0.012414,-0.18726,0.2496,0.982
hle_2308,opencode,HLE,2952,0.442403,0.288565,-0.153838,0.25,0.829
hle_2318,opencode,HLE,946,0.490794,0.560984,0.07019,0.2505,0.8108
hle_2324,opencode,HLE,2072,0.283489,0.219369,-0.06412,0.25,0.846
hle_2326,opencode,HLE,17257,0.214703,0.001591,-0.213112,0.2499,0.9815
hle_2332,opencode,HLE,747,0.512776,0.45514,-0.057636,0.2503,0.8204
hle_2333,opencode,HLE,982,0.487016,0.524133,0.037117,0.2505,0.8134
hle_2334,opencode,HLE,453,0.506169,0.345004,-0.161165,0.2494,0.8344
hle_2335,opencode,HLE,750,0.400165,0.383705,-0.01646,0.2507,0.8334
hle_2337,opencode,HLE,2068,0.479346,0.271204,-0.208142,0.25,0.8441
hle_2354,opencode,HLE,921,0.356966,0.449471,0.092505,0.2497,0.8297
hle_236,opencode,HLE,1728,0.231416,0.317661,0.086244,0.25,0.883
hle_2360,opencode,HLE,414,0.371142,0.133724,-0.237419,0.2512,0.9212
hle_2364,opencode,HLE,873,0.450809,0.316517,-0.134292,0.2497,0.819
hle_2367,opencode,HLE,1895,0.401042,0.307777,-0.093265,0.2501,0.9036
hle_2371,opencode,HLE,441,0.330111,0.266692,-0.063419,0.2494,0.8851
hle_2373,opencode,HLE,4552,0.345521,0.314284,-0.031237,0.25,0.852
hle_2379,opencode,HLE,582,0.401835,0.304342,-0.097493,0.2509,0.8737
hle_2389,opencode,HLE,27191,0.166097,0.001703,-0.164394,0.2495,0.9846
hle_241,opencode,HLE,4150,0.334839,0.157541,-0.177299,0.2501,0.9055
hle_242,opencode,HLE,1164,0.472734,0.188059,-0.284676,0.25,0.8635
hle_243,opencode,HLE,1580,0.190976,0.327071,0.136094,0.25,0.8794
hle_2470,opencode,HLE,20055,0.268426,0.002406,-0.26602,0.2494,0.9767
hle_2486,opencode,HLE,1013,0.440883,0.257583,-0.1833,0.2498,0.8426
hle_251,opencode,HLE,754,0.441786,0.391851,-0.049935,0.2507,0.8332
hle_262,opencode,HLE,243,0.30936,0.424206,0.114846,0.251,0.8549
hle_267,opencode,HLE,801,0.358608,0.323106,-0.035503,0.2497,0.8617
hle_27,opencode,HLE,1029,0.273097,0.283652,0.010555,0.2498,0.8754
hle_272,opencode,HLE,10972,0.227557,0.001654,-0.225904,0.2492,0.9811
hle_278,opencode,HLE,1174,0.45204,0.480726,0.028686,0.2504,0.8126
hle_280,opencode,HLE,801,0.424506,0.203378,-0.221129,0.2497,0.8792
hle_283,opencode,HLE,853,0.614465,0.322832,-0.291634,0.2497,0.8077
hle_288,opencode,HLE,398,0.235534,0.427697,0.192163,0.2513,0.8622
hle_293,opencode,HLE,797,0.488971,0.539488,0.050517,0.2497,0.8061
hle_294,opencode,HLE,841,0.220652,0.28825,0.067598,0.2497,0.9057
hle_302,opencode,HLE,763,0.375648,0.365205,-0.010443,0.2503,0.8414
hle_309,opencode,HLE,5895,0.303871,0.032838,-0.271033,0.2499,0.9367
hle_32,opencode,HLE,1084,0.387681,0.263629,-0.124053,0.25,0.855
hle_328,opencode,HLE,1169,0.313722,0.279434,-0.034288,0.2498,0.8515
hle_329,opencode,HLE,1334,0.076323,0.245005,0.168682,0.2504,0.9271
hle_330,opencode,HLE,42820,0.13377,0.001272,-0.132498,0.2493,0.9892
hle_331,opencode,HLE,1404,0.404936,0.388661,-0.016274,0.25,0.8367
hle_335,opencode,HLE,42828,0.0598,0.000569,-0.059232,0.2496,0.9953
hle_337,opencode,HLE,1099,0.468802,0.422874,-0.045928,0.2502,0.8133
hle_338,opencode,HLE,405,0.401244,0.429083,0.02784,0.2494,0.8466
hle_341,opencode,HLE,1132,0.569532,0.570015,0.000483,0.25,0.8287
hle_344,opencode,HLE,42831,0.081963,0.000529,-0.081434,0.2494,0.9931
hle_346,opencode,HLE,1136,0.55048,0.370269,-0.18021,0.25,0.8443
hle_35,opencode,HLE,959,0.330477,0.20243,-0.128047,0.2503,0.8842
hle_350,opencode,HLE,1158,0.408924,0.379895,-0.029029,0.2504,0.8267
hle_351,opencode,HLE,1120,0.289518,0.316444,0.026926,0.25,0.867
hle_354,opencode,HLE,812,0.404331,0.327427,-0.076904,0.25,0.8361
hle_358,opencode,HLE,390,0.315951,0.503965,0.188014,0.2513,0.8246
hle_366,opencode,HLE,43015,0.103473,0.001258,-0.102216,0.2494,0.9915
hle_368,opencode,HLE,1179,0.252676,0.220429,-0.032247,0.2502,0.8816
hle_37,opencode,HLE,569,0.549598,0.60998,0.060382,0.2496,0.7855
hle_370,opencode,HLE,43005,0.090793,0.000753,-0.09004,0.2497,0.992
hle_371,opencode,HLE,11062,0.227436,0.041495,-0.185941,0.2494,0.9635
hle_376,opencode,HLE,8243,0.192862,0.094165,-0.098698,0.25,0.949
hle_380,opencode,HLE,252,0.229685,0.689351,0.459666,0.25,0.8541
hle_382,opencode,HLE,984,0.267957,0.341604,0.073647,0.25,0.851
hle_383,opencode,HLE,287,0.433048,0.63802,0.204972,0.2509,0.8295
hle_385,opencode,HLE,785,0.452088,0.34245,-0.109638,0.2497,0.8528
hle_388,opencode,HLE,889,0.36129,0.329566,-0.031724,0.2497,0.8536
hle_389,opencode,HLE,2044,0.548279,0.372511,-0.175768,0.25,0.8679
hle_39,opencode,HLE,932,0.315258,0.368016,0.052759,0.25,0.8603
hle_392,opencode,HLE,826,0.305283,0.428945,0.123662,0.2506,0.8434
hle_402,opencode,HLE,919,0.342639,0.375928,0.033289,0.2503,0.8526
hle_403,opencode,HLE,646,0.355694,0.341745,-0.01395,0.2508,0.8824
hle_41,opencode,HLE,893,0.26182,0.34771,0.08589,0.2497,0.8688
hle_410,opencode,HLE,1620,0.691578,0.337685,-0.353893,0.25,0.8279
hle_417,opencode,HLE,1166,0.283781,0.193728,-0.090053,0.2504,0.8874
hle_420,opencode,HLE,752,0.657567,0.371763,-0.285804,0.25,0.8321
hle_426,opencode,HLE,839,0.334956,0.434115,0.099159,0.2503,0.8286
hle_427,opencode,HLE,1002,0.495522,0.473438,-0.022083,0.2505,0.8048
hle_429,opencode,HLE,931,0.39813,0.363856,-0.034275,0.2503,0.8535
hle_432,opencode,HLE,1413,0.425001,0.330184,-0.094817,0.2498,0.8509
hle_433,opencode,HLE,3007,0.261229,0.443616,0.182387,0.2501,0.8631
hle_434,opencode,HLE,842,0.225713,0.078763,-0.146951,0.2423,0.9502
hle_435,opencode,HLE,2502,0.320809,0.347009,0.0262,0.2502,0.8495
hle_44,opencode,HLE,42566,0.048273,0.000427,-0.047847,0.2481,0.9964
hle_441,opencode,HLE,1716,0.428134,0.285574,-0.14256,0.25,0.8373
hle_450,opencode,HLE,735,0.38922,0.31364,-0.07558,0.2503,0.8642
hle_451,opencode,HLE,726,0.441023,0.354284,-0.086739,0.2507,0.8502
hle_452,opencode,HLE,648,0.423126,0.408911,-0.014215,0.25,0.8291
hle_454,opencode,HLE,1575,0.423322,0.398428,-0.024894,0.2502,0.831
hle_456,opencode,HLE,899,0.331214,0.299079,-0.032135,0.2503,0.8826
hle_46,opencode,HLE,988,0.501288,0.413476,-0.087812,0.25,0.8232
hle_460,opencode,HLE,960,0.293716,0.399222,0.105507,0.25,0.8358
hle_461,opencode,HLE,34684,0.191159,0.000925,-0.190234,0.2499,0.9841
hle_463,opencode,HLE,921,0.368801,0.353003,-0.015797,0.2497,0.8558
hle_467,opencode,HLE,2780,0.35846,0.350602,-0.007858,0.25,0.835
hle_470,opencode,HLE,22280,0.128492,0.00211,-0.126382,0.2497,0.9897
hle_473,opencode,HLE,1253,0.315844,0.262778,-0.053066,0.2498,0.8537
hle_476,opencode,HLE,923,0.384216,0.27184,-0.112377,0.2503,0.8555
hle_48,opencode,HLE,931,0.423173,0.517059,0.093885,0.2503,0.8301
hle_486,opencode,HLE,18314,0.208208,0.000673,-0.207535,0.249,0.9829
hle_496,opencode,HLE,1146,0.473009,0.3501,-0.122909,0.2504,0.8273
hle_497,opencode,HLE,6318,0.398909,0.104076,-0.294833,0.2496,0.9273
hle_498,opencode,HLE,1623,0.431966,0.284766,-0.1472,0.2502,0.894
hle_499,opencode,HLE,1930,0.29276,0.263471,-0.029288,0.2503,0.8379
hle_50,opencode,HLE,504,0.152225,0.438473,0.286248,0.25,0.8753
hle_508,opencode,HLE,1435,0.505868,0.522111,0.016243,0.2502,0.7802
hle_52,opencode,HLE,42565,0.185777,0.000644,-0.185133,0.2484,0.9847
hle_522,opencode,HLE,1028,0.354643,0.247512,-0.10713,0.25,0.8669
hle_526,opencode,HLE,834,0.282521,0.411466,0.128946,0.2506,0.867
hle_53,opencode,HLE,804,0.238173,0.174139,-0.064034,0.25,0.8975
hle_531,opencode,HLE,438,0.29869,0.565326,0.266636,0.2511,0.8504
hle_532,opencode,HLE,2603,0.373221,0.299894,-0.073327,0.2501,0.875
hle_533,opencode,HLE,857,0.392449,0.417871,0.025422,0.2497,0.8246
hle_539,opencode,HLE,1242,0.324445,0.363209,0.038764,0.2504,0.8701
hle_54,opencode,HLE,835,0.240928,0.495523,0.254595,0.2503,0.827
hle_543,opencode,HLE,1254,0.382385,0.369194,-0.013191,0.2504,0.8418
hle_547,opencode,HLE,281,0.311162,0.575177,0.264015,0.2491,0.8729
hle_548,opencode,HLE,5282,0.412988,0.071643,-0.341344,0.2501,0.936
hle_556,opencode,HLE,671,0.413936,0.392235,-0.021702,0.2504,0.8385
hle_568,opencode,HLE,1023,0.251951,0.502396,0.250445,0.2502,0.8489
hle_582,opencode,HLE,1418,0.164559,0.308367,0.143809,0.2504,0.8815
hle_583,opencode,HLE,3459,0.261824,0.409626,0.147801,0.2501,0.8481
hle_59,opencode,HLE,819,0.287844,0.443401,0.155557,0.2503,0.8484
hle_591,opencode,HLE,1671,0.335906,0.391593,0.055687,0.2501,0.8036
hle_592,opencode,HLE,945,0.334429,0.45282,0.118391,0.2497,0.8399
hle_593,opencode,HLE,738,0.341283,0.241985,-0.099299,0.2507,0.8774
hle_598,opencode,HLE,38640,0.12171,0.000933,-0.120777,0.2493,0.9899
hle_60,opencode,HLE,976,0.37426,0.154133,-0.220127,0.25,0.8865
hle_603,opencode,HLE,870,0.265304,0.484119,0.218814,0.2506,0.8473
hle_604,opencode,HLE,3289,0.409071,0.27756,-0.131511,0.2496,0.8654
hle_607,opencode,HLE,741,0.505172,0.258479,-0.246693,0.2497,0.8475
hle_614,opencode,HLE,1493,0.217693,0.299736,0.082042,0.2498,0.8821
hle_625,opencode,HLE,370,0.380709,0.073086,-0.307623,0.2514,0.8944
hle_633,opencode,HLE,1079,0.293898,0.487377,0.193479,0.2502,0.8214
hle_636,opencode,HLE,793,0.401253,0.346619,-0.054633,0.2497,0.8583
hle_643,opencode,HLE,38946,0.078583,0.000994,-0.077588,0.2494,0.9931
hle_647,opencode,HLE,1654,0.302737,0.231698,-0.071039,0.2503,0.8715
hle_653,opencode,HLE,926,0.346614,0.268584,-0.07803,0.2505,0.8839
hle_654,opencode,HLE,28281,0.095793,0.000766,-0.095028,0.2483,0.9921
hle_655,opencode,HLE,1025,0.280195,0.388434,0.108239,0.2498,0.8525
hle_660,opencode,HLE,757,0.527118,0.340652,-0.186466,0.2497,0.8876
hle_661,opencode,HLE,2174,0.399728,0.416103,0.016374,0.2502,0.8213
hle_668,opencode,HLE,939,0.33247,0.383207,0.050737,0.2503,0.8342
hle_677,opencode,HLE,845,0.35182,0.381453,0.029632,0.2497,0.8339
hle_678,opencode,HLE,1010,0.372762,0.250873,-0.121889,0.2505,0.884
hle_68,opencode,HLE,551,0.319427,0.326383,0.006956,0.2505,0.8637
hle_681,opencode,HLE,16916,0.21702,0.001349,-0.215671,0.2498,0.9818
hle_687,opencode,HLE,4729,0.325099,0.011891,-0.313208,0.2499,0.9155
hle_688,opencode,HLE,528,0.31536,0.475928,0.160568,0.25,0.8457
hle_690,opencode,HLE,1622,0.320993,0.214689,-0.106305,0.2503,0.8876
hle_692,opencode,HLE,15386,0.154338,0.002335,-0.152003,0.2494,0.9746
hle_694,opencode,HLE,811,0.47553,0.486228,0.010698,0.2503,0.8073
hle_696,opencode,HLE,11709,0.284799,0.001299,-0.2835,0.2491,0.9675
hle_697,opencode,HLE,893,0.347352,0.373604,0.026252,0.2497,0.8527
hle_698,opencode,HLE,1778,0.260478,0.157457,-0.103021,0.2503,0.9214
hle_699,opencode,HLE,1020,0.566197,0.49341,-0.072787,0.25,0.8095
hle_70,opencode,HLE,696,0.391513,0.317263,-0.07425,0.25,0.8747
hle_700,opencode,HLE,3543,0.5638,0.232485,-0.331315,0.2501,0.8744
hle_705,opencode,HLE,1515,0.477328,0.309863,-0.167465,0.2502,0.8581
hle_707,opencode,HLE,944,0.376631,0.372729,-0.003902,0.25,0.8341
hle_708,opencode,HLE,1074,0.34485,0.276154,-0.068696,0.2505,0.8454
hle_711,opencode,HLE,3503,0.273037,0.22856,-0.044477,0.2501,0.8719
hle_72,opencode,HLE,1306,0.245391,0.259986,0.014595,0.2504,0.8664
hle_724,opencode,HLE,1306,0.457762,0.207905,-0.249857,0.2504,0.8537
hle_728,opencode,HLE,1328,0.402174,0.338706,-0.063468,0.25,0.8179
hle_747,opencode,HLE,739,0.14054,0.477056,0.336516,0.2503,0.8689
hle_75,opencode,HLE,891,0.270161,0.24712,-0.023041,0.2503,0.8576
hle_752,opencode,HLE,1348,0.253571,0.146782,-0.106789,0.25,0.9095
hle_773,opencode,HLE,899,0.39267,0.366326,-0.026345,0.2503,0.847
hle_779,opencode,HLE,1346,0.324016,0.230947,-0.093069,0.2504,0.9166
hle_787,opencode,HLE,1484,0.458802,0.284744,-0.174057,0.2493,0.8598
hle_790,opencode,HLE,1712,0.258435,0.185313,-0.073121,0.25,0.86
hle_791,opencode,HLE,1966,0.464376,0.370772,-0.093603,0.2503,0.8137
hle_792,opencode,HLE,1618,0.462692,0.307279,-0.155413,0.2497,0.8477
hle_800,opencode,HLE,1634,0.521335,0.289388,-0.231947,0.2497,0.8521
hle_801,opencode,HLE,1013,0.305499,0.299611,-0.005888,0.2498,0.8781
hle_805,opencode,HLE,1029,0.214668,0.469197,0.254529,0.2498,0.8412
hle_807,opencode,HLE,40817,0.065776,0.000895,-0.064881,0.2498,0.9945
hle_808,opencode,HLE,1277,0.474569,0.512924,0.038355,0.2498,0.8624
hle_810,opencode,HLE,41429,0.068103,0.001266,-0.066837,0.2495,0.9945
hle_812,opencode,HLE,980,0.377862,0.499875,0.122012,0.25,0.8382
hle_814,opencode,HLE,10815,0.299326,0.001897,-0.297428,0.2493,0.9755
hle_819,opencode,HLE,3176,0.416231,0.421422,0.005191,0.25,0.8619
hle_822,opencode,HLE,441,0.226802,0.39334,0.166538,0.2494,0.8527
hle_825,opencode,HLE,565,0.480657,0.33166,-0.148997,0.2496,0.8797
hle_827,opencode,HLE,1896,0.3567,0.316399,-0.040301,0.25,0.8572
hle_829,opencode,HLE,30062,0.130635,0.000868,-0.129768,0.2487,0.9881
hle_830,opencode,HLE,25841,0.158542,0.000761,-0.157781,0.2489,0.987
hle_831,opencode,HLE,21991,0.16814,0.001012,-0.167128,0.2489,0.9863
hle_834,opencode,HLE,1558,0.109471,0.327401,0.217931,0.2503,0.9577
hle_835,opencode,HLE,397,0.490081,0.349282,-0.140798,0.2494,0.8347
hle_84,opencode,HLE,2981,0.345041,0.602199,0.257158,0.2499,0.7889
hle_85,opencode,HLE,1265,0.317682,0.256783,-0.060899,0.2498,0.8241
hle_855,opencode,HLE,34601,0.12053,0.000764,-0.119765,0.2497,0.99
hle_867,opencode,HLE,3061,0.340939,0.199306,-0.141634,0.2499,0.8874
hle_87,opencode,HLE,1189,0.56265,0.419551,-0.143099,0.2498,0.7979
hle_875,opencode,HLE,2074,0.34005,0.283541,-0.056509,0.2502,0.8514
hle_876,opencode,HLE,34400,0.071524,0.001099,-0.070426,0.2489,0.9944
hle_877,opencode,HLE,830,0.39066,0.301319,-0.089341,0.2506,0.8707
hle_88,opencode,HLE,2238,0.293622,0.259933,-0.033689,0.2502,0.8852
hle_880,opencode,HLE,3316,0.156046,0.279888,0.123842,0.25,0.95
hle_883,opencode,HLE,2850,0.246861,0.008214,-0.238646,0.2495,0.9763
hle_885,opencode,HLE,1305,0.334081,0.46299,0.128909,0.2498,0.8047
hle_892,opencode,HLE,1290,0.214873,0.474528,0.259655,0.2504,0.848
hle_893,opencode,HLE,2460,0.281859,0.242061,-0.039797,0.25,0.8635
hle_894,opencode,HLE,1227,0.406352,0.371992,-0.03436,0.2502,0.8489
hle_897,opencode,HLE,35837,0.165907,0.001478,-0.164429,0.2494,0.9843
hle_905,opencode,HLE,1287,0.505695,0.334476,-0.171219,0.2502,0.8588
hle_911,opencode,HLE,35944,0.097086,0.000854,-0.096231,0.2483,0.9921
hle_917,opencode,HLE,24191,0.156999,0.00077,-0.156229,0.2482,0.9872
hle_921,opencode,HLE,1065,0.523661,0.325201,-0.198459,0.2498,0.8927
hle_923,opencode,HLE,1028,0.328212,0.36105,0.032837,0.25,0.8496
hle_926,opencode,HLE,31832,0.073833,0.000865,-0.072968,0.2485,0.9942
hle_930,opencode,HLE,4152,0.259421,0.284567,0.025147,0.25,0.9053
hle_931,opencode,HLE,1201,0.278406,0.424438,0.146032,0.2498,0.8512
hle_934,opencode,HLE,1755,0.473705,0.480382,0.006676,0.2501,0.7982
hle_935,opencode,HLE,716,0.290953,0.377711,0.086759,0.25,0.8727
hle_936,opencode,HLE,1033,0.375798,0.347612,-0.028186,0.2498,0.8372
hle_937,opencode,HLE,754,0.355597,0.329235,-0.026362,0.2507,0.8502
hle_938,opencode,HLE,1367,0.361275,0.257146,-0.104128,0.2495,0.9084
hle_942,opencode,HLE,13287,0.133475,0.001249,-0.132226,0.2492,0.9891
hle_945,opencode,HLE,1572,0.36136,0.283679,-0.077682,0.25,0.8532
hle_948,opencode,HLE,1380,0.252106,0.204845,-0.047261,0.25,0.8788
hle_95,opencode,HLE,915,0.363267,0.365733,0.002467,0.2503,0.8417
hle_966,opencode,HLE,1035,0.449649,0.441453,-0.008195,0.2502,0.8252
hle_967,opencode,HLE,787,0.485937,0.24185,-0.244087,0.249,0.8461
hle_969,opencode,HLE,40227,0.105917,0.000781,-0.105136,0.2489,0.991
hle_970,opencode,HLE,2532,0.336392,0.156658,-0.179734,0.25,0.8799
hle_971,opencode,HLE,981,0.20604,0.327966,0.121926,0.2497,0.877
hle_978,opencode,HLE,1369,0.435024,0.310848,-0.124176,0.2498,0.829
hle_98,opencode,HLE,1201,0.335405,0.197056,-0.13835,0.2498,0.8716
hle_980,opencode,HLE,986,0.511354,0.242463,-0.268891,0.2505,0.8792
hle_981,opencode,HLE,1376,0.284008,0.419644,0.135636,0.25,0.8384
hle_988,opencode,HLE,823,0.274234,0.326833,0.052598,0.2503,0.8776
hle_997,opencode,HLE,40260,0.065016,0.000696,-0.06432,0.2486,0.9948
hle_999,opencode,HLE,3974,0.174513,0.164064,-0.010449,0.2501,0.9386
hle_1,zeroclaw,HLE,410,0.178737,0.484436,0.305699,0.2463,0.8928
hle_1008,zeroclaw,HLE,2845,0.437095,0.322854,-0.114241,0.2496,0.8763
hle_1009,zeroclaw,HLE,2122,0.378391,0.408288,0.029897,0.2502,0.8518
hle_1012,zeroclaw,HLE,1899,0.233473,0.146487,-0.086986,0.2496,0.932
hle_1019,zeroclaw,HLE,995,0.416601,0.381974,-0.034627,0.2503,0.8498
hle_1021,zeroclaw,HLE,1343,0.131098,0.248151,0.117054,0.2502,0.9253
hle_1022,zeroclaw,HLE,630,0.200086,0.440263,0.240177,0.2508,0.8616
hle_1023,zeroclaw,HLE,3382,0.21014,0.08803,-0.12211,0.2345,0.9692
hle_1024,zeroclaw,HLE,1312,0.450639,0.247135,-0.203504,0.2492,0.8675
hle_1031,zeroclaw,HLE,2336,0.319761,0.223939,-0.095822,0.25,0.8642
hle_1038,zeroclaw,HLE,713,0.256248,0.353899,0.097651,0.2496,0.8508
hle_1045,zeroclaw,HLE,4331,0.141658,0.007792,-0.133866,0.2491,0.9569
hle_1046,zeroclaw,HLE,5676,0.37455,0.138087,-0.236463,0.2488,0.9125
hle_1047,zeroclaw,HLE,1765,0.387516,0.091575,-0.295941,0.2487,0.9104
hle_1048,zeroclaw,HLE,5337,0.32101,0.19878,-0.12223,0.2496,0.9167
hle_1049,zeroclaw,HLE,2986,0.346486,0.088815,-0.257671,0.2498,0.9173
hle_1050,zeroclaw,HLE,2647,0.428438,0.084444,-0.343995,0.2501,0.9126
hle_1051,zeroclaw,HLE,6047,0.219184,0.178562,-0.040622,0.2497,0.9448
hle_1054,zeroclaw,HLE,1690,0.289449,0.278218,-0.01123,0.2503,0.8727
hle_1055,zeroclaw,HLE,1731,0.278581,0.317733,0.039152,0.2501,0.853
hle_1056,zeroclaw,HLE,2032,0.291795,0.208635,-0.08316,0.25,0.8942
hle_1057,zeroclaw,HLE,7943,0.302778,0.08386,-0.218918,0.2498,0.936
hle_1058,zeroclaw,HLE,1026,0.3559,0.293142,-0.062758,0.2505,0.8602
hle_1066,zeroclaw,HLE,1045,0.341556,0.353621,0.012064,0.2498,0.8612
hle_1067,zeroclaw,HLE,1467,0.331059,0.347261,0.016203,0.2502,0.8681
hle_1071,zeroclaw,HLE,1587,0.412027,0.327918,-0.084109,0.2502,0.8639
hle_1073,zeroclaw,HLE,1767,0.444497,0.289211,-0.155285,0.2501,0.8644
hle_1074,zeroclaw,HLE,803,0.332663,0.56177,0.229107,0.2503,0.8365
hle_1077,zeroclaw,HLE,822,0.387964,0.234207,-0.153757,0.2506,0.862
hle_1079,zeroclaw,HLE,2520,0.359736,0.282588,-0.077148,0.25,0.867
hle_1080,zeroclaw,HLE,1641,0.287467,0.362695,0.075227,0.2498,0.8532
hle_1081,zeroclaw,HLE,4854,0.085558,0.119873,0.034315,0.2388,0.9811
hle_1083,zeroclaw,HLE,1349,0.297869,0.592969,0.2951,0.2498,0.846
hle_1084,zeroclaw,HLE,1232,0.374176,0.457678,0.083502,0.25,0.831
hle_1088,zeroclaw,HLE,1938,0.190608,0.314715,0.124107,0.2497,0.8774
hle_1089,zeroclaw,HLE,708,0.331153,0.447087,0.115934,0.25,0.8477
hle_109,zeroclaw,HLE,1166,0.37168,0.434677,0.062997,0.2504,0.8061
hle_1098,zeroclaw,HLE,540,0.329881,0.315833,-0.014048,0.25,0.8415
hle_111,zeroclaw,HLE,1171,0.330361,0.372348,0.041986,0.2502,0.8605
hle_1116,zeroclaw,HLE,1570,0.43556,0.217916,-0.217645,0.2503,0.8777
hle_1119,zeroclaw,HLE,249,0.267564,0.506753,0.239189,0.2329,0.8915
hle_112,zeroclaw,HLE,1987,0.213991,0.159345,-0.054646,0.2496,0.9047
hle_1126,zeroclaw,HLE,3899,0.233733,0.079596,-0.154137,0.2501,0.924
hle_1127,zeroclaw,HLE,1786,0.233905,0.121629,-0.112276,0.2503,0.9168
hle_1128,zeroclaw,HLE,3141,0.140466,0.075579,-0.064888,0.2499,0.9601
hle_1129,zeroclaw,HLE,1637,0.585827,0.387682,-0.198145,0.2498,0.8202
hle_1130,zeroclaw,HLE,3974,0.293823,0.061816,-0.232008,0.2501,0.9039
hle_1133,zeroclaw,HLE,1256,0.332396,0.223507,-0.108889,0.2476,0.8781
hle_1135,zeroclaw,HLE,974,0.456053,0.467759,0.011706,0.2505,0.8138
hle_1137,zeroclaw,HLE,508,0.348711,0.186807,-0.161904,0.25,0.9004
hle_1138,zeroclaw,HLE,2688,0.310811,0.169591,-0.141221,0.2493,0.9089
hle_1139,zeroclaw,HLE,7532,0.266215,0.153219,-0.112996,0.2489,0.9164
hle_114,zeroclaw,HLE,2923,0.353408,0.130514,-0.222893,0.2501,0.8985
hle_115,zeroclaw,HLE,1412,0.27403,0.186164,-0.087866,0.25,0.905
hle_1150,zeroclaw,HLE,3164,0.333137,0.170739,-0.162398,0.2497,0.9147
hle_1153,zeroclaw,HLE,1765,0.42114,0.151298,-0.269843,0.2499,0.8863
hle_1159,zeroclaw,HLE,1693,0.413764,0.294869,-0.118894,0.2499,0.8564
hle_1166,zeroclaw,HLE,1446,0.232217,0.40023,0.168013,0.2503,0.8492
hle_1174,zeroclaw,HLE,977,0.590622,0.365378,-0.225244,0.2497,0.8118
hle_1177,zeroclaw,HLE,1294,0.318832,0.300786,-0.018047,0.2504,0.8417
hle_1179,zeroclaw,HLE,960,0.30768,0.192576,-0.115104,0.25,0.8939
hle_118,zeroclaw,HLE,942,0.369139,0.298317,-0.070823,0.2505,0.8668
hle_1182,zeroclaw,HLE,2295,0.375385,0.019863,-0.355523,0.2475,0.9333
hle_1188,zeroclaw,HLE,1089,0.323485,0.478503,0.155018,0.2498,0.8393
hle_119,zeroclaw,HLE,10487,0.297759,0.098854,-0.198905,0.2491,0.9446
hle_1192,zeroclaw,HLE,895,0.296641,0.217841,-0.0788,0.2503,0.8748
hle_1196,zeroclaw,HLE,1485,0.357796,0.320333,-0.037463,0.2498,0.8404
hle_120,zeroclaw,HLE,1157,0.267181,0.236467,-0.030714,0.2489,0.8835
hle_1207,zeroclaw,HLE,2723,0.444372,0.402752,-0.04162,0.2501,0.8452
hle_1215,zeroclaw,HLE,3455,0.451841,0.233272,-0.21857,0.2492,0.9066
hle_1219,zeroclaw,HLE,1071,0.356596,0.417168,0.060572,0.2502,0.8345
hle_1220,zeroclaw,HLE,1517,0.452656,0.383323,-0.069333,0.2498,0.8247
hle_123,zeroclaw,HLE,1814,0.333359,0.389062,0.055703,0.2503,0.8473
hle_1234,zeroclaw,HLE,2057,0.375399,0.268016,-0.107383,0.2499,0.875
hle_1235,zeroclaw,HLE,1882,0.359165,0.035304,-0.323861,0.2497,0.9219
hle_1236,zeroclaw,HLE,1032,0.089675,0.36909,0.279415,0.2452,0.9491
hle_1240,zeroclaw,HLE,2456,0.252042,0.480296,0.228254,0.25,0.8652
hle_1241,zeroclaw,HLE,826,0.415645,0.298255,-0.11739,0.2506,0.8829
hle_1246,zeroclaw,HLE,2935,0.382271,0.19639,-0.185881,0.2501,0.8917
hle_1249,zeroclaw,HLE,1233,0.47842,0.27888,-0.199541,0.2498,0.8595
hle_126,zeroclaw,HLE,2230,0.353716,0.166466,-0.18725,0.2498,0.9005
hle_1260,zeroclaw,HLE,2609,0.234105,0.270546,0.036441,0.2499,0.8428
hle_1263,zeroclaw,HLE,1410,0.490833,0.282232,-0.208602,0.2504,0.8667
hle_1269,zeroclaw,HLE,919,0.257844,0.128469,-0.129375,0.2481,0.8973
hle_1272,zeroclaw,HLE,1452,0.422796,0.25747,-0.165326,0.25,0.8702
hle_1276,zeroclaw,HLE,1389,0.302739,0.245127,-0.057612,0.2498,0.8802
hle_1285,zeroclaw,HLE,1181,0.373976,0.335306,-0.03867,0.2498,0.845
hle_1290,zeroclaw,HLE,954,0.280313,0.419926,0.139613,0.2505,0.8492
hle_1292,zeroclaw,HLE,1945,0.326604,0.073482,-0.253122,0.2488,0.906
hle_1298,zeroclaw,HLE,1525,0.205814,0.203025,-0.002789,0.2492,0.8954
hle_13,zeroclaw,HLE,6464,0.415324,0.120968,-0.294357,0.2497,0.9189
hle_1308,zeroclaw,HLE,4628,0.186051,0.054282,-0.131768,0.2498,0.9706
hle_1309,zeroclaw,HLE,763,0.438858,0.475942,0.037084,0.2503,0.8425
hle_131,zeroclaw,HLE,1146,0.374285,0.413189,0.038905,0.2504,0.8242
hle_1312,zeroclaw,HLE,1645,0.335662,0.170011,-0.165651,0.2498,0.8504
hle_1315,zeroclaw,HLE,955,0.363216,0.381124,0.017907,0.2503,0.8644
hle_1316,zeroclaw,HLE,1003,0.410278,0.362677,-0.047601,0.2502,0.8467
hle_1317,zeroclaw,HLE,4300,0.408292,0.194508,-0.213785,0.25,0.8964
hle_1325,zeroclaw,HLE,2925,0.530537,0.246145,-0.284392,0.2499,0.8654
hle_1330,zeroclaw,HLE,1635,0.524985,0.301153,-0.223833,0.2502,0.8279
hle_1332,zeroclaw,HLE,3111,0.17697,0.297969,0.120998,0.2494,0.8922
hle_1333,zeroclaw,HLE,1756,0.372489,0.386234,0.013745,0.25,0.8515
hle_1334,zeroclaw,HLE,826,0.409642,0.349734,-0.059908,0.2506,0.8532
hle_1339,zeroclaw,HLE,1138,0.345343,0.354576,0.009233,0.2504,0.8679
hle_1340,zeroclaw,HLE,1094,0.328712,0.337128,0.008416,0.2505,0.8518
hle_1341,zeroclaw,HLE,1837,0.249384,0.258521,0.009137,0.2499,0.8629
hle_1342,zeroclaw,HLE,3460,0.450675,0.154866,-0.29581,0.2497,0.8964
hle_1344,zeroclaw,HLE,1080,0.406333,0.255918,-0.150415,0.25,0.856
hle_1347,zeroclaw,HLE,786,0.241757,0.212859,-0.028898,0.2506,0.9
hle_1365,zeroclaw,HLE,1857,0.416066,0.352079,-0.063987,0.2499,0.8098
hle_1370,zeroclaw,HLE,689,0.371204,0.469391,0.098187,0.2496,0.858
hle_1376,zeroclaw,HLE,1432,0.34839,0.314246,-0.034145,0.25,0.8456
hle_1379,zeroclaw,HLE,9395,0.455336,0.403851,-0.051486,0.25,0.8246
hle_138,zeroclaw,HLE,7080,0.213218,0.048842,-0.164376,0.2476,0.9568
hle_1380,zeroclaw,HLE,1204,0.449061,0.289298,-0.159763,0.25,0.8707
hle_1381,zeroclaw,HLE,862,0.350313,0.356109,0.005797,0.2506,0.8648
hle_1382,zeroclaw,HLE,1649,0.362876,0.360144,-0.002732,0.2498,0.8294
hle_1383,zeroclaw,HLE,1228,0.294529,0.334426,0.039896,0.25,0.8839
hle_1384,zeroclaw,HLE,2372,0.293613,0.273632,-0.019981,0.25,0.8591
hle_1385,zeroclaw,HLE,1628,0.418556,0.386555,-0.032,0.2494,0.821
hle_1386,zeroclaw,HLE,1282,0.362944,0.380819,0.017875,0.2496,0.8614
hle_1388,zeroclaw,HLE,1484,0.392196,0.303227,-0.088968,0.25,0.8557
hle_1389,zeroclaw,HLE,1013,0.415945,0.317485,-0.09846,0.2498,0.8541
hle_1390,zeroclaw,HLE,1283,0.240156,0.262698,0.022542,0.2502,0.8874
hle_1391,zeroclaw,HLE,1457,0.373227,0.276508,-0.096719,0.2498,0.8641
hle_1392,zeroclaw,HLE,4909,0.133903,0.113931,-0.019972,0.2495,0.9479
hle_1393,zeroclaw,HLE,1353,0.296962,0.33119,0.034227,0.2498,0.8655
hle_1394,zeroclaw,HLE,3280,0.385296,0.225443,-0.159854,0.2491,0.9112
hle_1395,zeroclaw,HLE,993,0.471229,0.329816,-0.141413,0.2497,0.8375
hle_1396,zeroclaw,HLE,1885,0.37957,0.210736,-0.168833,0.2499,0.8823
hle_1397,zeroclaw,HLE,1712,0.427651,0.313637,-0.114014,0.25,0.8266
hle_1399,zeroclaw,HLE,7374,0.149863,0.065192,-0.084671,0.2497,0.9595
hle_14,zeroclaw,HLE,3984,0.384206,0.322286,-0.06192,0.25,0.8586
hle_1401,zeroclaw,HLE,1565,0.346898,0.352266,0.005369,0.2498,0.844
hle_1407,zeroclaw,HLE,2251,0.262281,0.158851,-0.10343,0.2501,0.8731
hle_141,zeroclaw,HLE,1082,0.207261,0.301294,0.094033,0.2505,0.8572
hle_1415,zeroclaw,HLE,3763,0.415121,0.228321,-0.1868,0.2501,0.8684
hle_1419,zeroclaw,HLE,1494,0.362384,0.25588,-0.106504,0.2503,0.8538
hle_142,zeroclaw,HLE,880,0.320067,0.350075,0.030007,0.25,0.8579
hle_1420,zeroclaw,HLE,1118,0.324172,0.273331,-0.050841,0.2504,0.8616
hle_1423,zeroclaw,HLE,3108,0.523459,0.286811,-0.236648,0.2497,0.8597
hle_1424,zeroclaw,HLE,1062,0.475173,0.508265,0.033092,0.2505,0.8207
hle_1433,zeroclaw,HLE,1891,0.350146,0.179125,-0.171021,0.2501,0.9141
hle_144,zeroclaw,HLE,1244,0.383253,0.403362,0.020108,0.25,0.8535
hle_1444,zeroclaw,HLE,1673,0.34869,0.230362,-0.118329,0.2499,0.8969
hle_1446,zeroclaw,HLE,1295,0.22317,0.40025,0.17708,0.2502,0.8567
hle_145,zeroclaw,HLE,1851,0.367864,0.479811,0.111947,0.2501,0.8345
hle_1452,zeroclaw,HLE,1598,0.453232,0.402078,-0.051154,0.2503,0.8435
hle_1457,zeroclaw,HLE,1891,0.538954,0.381032,-0.157921,0.2501,0.8138
hle_1458,zeroclaw,HLE,1507,0.366829,0.376796,0.009967,0.2502,0.8367
hle_1459,zeroclaw,HLE,4207,0.329386,0.21784,-0.111546,0.2489,0.9388
hle_1460,zeroclaw,HLE,1230,0.310806,0.426258,0.115452,0.2504,0.861
hle_1462,zeroclaw,HLE,6302,0.33458,0.081259,-0.253321,0.2498,0.9307
hle_1481,zeroclaw,HLE,2314,0.411875,0.27897,-0.132905,0.2502,0.8534
hle_1487,zeroclaw,HLE,4270,0.444991,0.151184,-0.293807,0.2499,0.892
hle_1488,zeroclaw,HLE,6687,0.215002,0.085255,-0.129747,0.249,0.9574
hle_1489,zeroclaw,HLE,3479,0.540413,0.290497,-0.249917,0.2501,0.8615
hle_1494,zeroclaw,HLE,1531,0.330835,0.285689,-0.045146,0.2502,0.8398
hle_1502,zeroclaw,HLE,1596,0.206175,0.244501,0.038326,0.25,0.8791
hle_1504,zeroclaw,HLE,5913,0.25001,0.155591,-0.094419,0.2484,0.9207
hle_1505,zeroclaw,HLE,1331,0.238314,0.206785,-0.031529,0.2502,0.8775
hle_1509,zeroclaw,HLE,3973,0.393833,0.024645,-0.369188,0.2477,0.954
hle_1511,zeroclaw,HLE,1213,0.384651,0.246648,-0.138002,0.2498,0.8702
hle_1512,zeroclaw,HLE,1575,0.233923,0.099146,-0.134777,0.2502,0.9227
hle_1513,zeroclaw,HLE,1550,0.585058,0.279463,-0.305595,0.2503,0.8453
hle_1517,zeroclaw,HLE,3780,0.308852,0.167488,-0.141364,0.25,0.9115
hle_1518,zeroclaw,HLE,2442,0.523582,0.280329,-0.243252,0.2502,0.8506
hle_1519,zeroclaw,HLE,2582,0.503138,0.247698,-0.25544,0.2502,0.8763
hle_1520,zeroclaw,HLE,3478,0.31133,0.206834,-0.104496,0.2496,0.9076
hle_1522,zeroclaw,HLE,1328,0.326996,0.440421,0.113425,0.25,0.85
hle_1524,zeroclaw,HLE,1593,0.500247,0.396493,-0.103754,0.2498,0.8133
hle_1530,zeroclaw,HLE,1275,0.206559,0.272797,0.066238,0.2494,0.8863
hle_1534,zeroclaw,HLE,2180,0.4981,0.470253,-0.027847,0.25,0.8127
hle_1536,zeroclaw,HLE,1531,0.269544,0.270523,0.000979,0.2502,0.8762
hle_1545,zeroclaw,HLE,5126,0.329377,0.190845,-0.138533,0.2499,0.9078
hle_1546,zeroclaw,HLE,2588,0.511699,0.238567,-0.273131,0.25,0.8743
hle_1547,zeroclaw,HLE,1834,0.257818,0.224334,-0.033484,0.2503,0.8508
hle_155,zeroclaw,HLE,1853,0.164329,0.347326,0.182996,0.2499,0.8599
hle_1553,zeroclaw,HLE,2070,0.458326,0.242504,-0.215821,0.2502,0.8693
hle_1565,zeroclaw,HLE,907,0.442157,0.388715,-0.053442,0.2503,0.8409
hle_1567,zeroclaw,HLE,2176,0.28718,0.092308,-0.194872,0.2495,0.9151
hle_1568,zeroclaw,HLE,1026,0.484869,0.57592,0.091051,0.2505,0.8014
hle_1569,zeroclaw,HLE,2541,0.425151,0.297391,-0.12776,0.2499,0.8619
hle_1572,zeroclaw,HLE,1281,0.288464,0.242441,-0.046023,0.2498,0.8945
hle_1577,zeroclaw,HLE,928,0.228727,0.320815,0.092087,0.25,0.8854
hle_158,zeroclaw,HLE,1848,0.632594,0.324354,-0.30824,0.25,0.8507
hle_1586,zeroclaw,HLE,1360,0.349168,0.339824,-0.009344,0.25,0.858
hle_1590,zeroclaw,HLE,3113,0.330715,0.20189,-0.128825,0.2496,0.9021
hle_1596,zeroclaw,HLE,1087,0.396335,0.499056,0.102721,0.2502,0.8299
hle_1598,zeroclaw,HLE,1468,0.346461,0.212612,-0.133849,0.25,0.8835
hle_16,zeroclaw,HLE,1019,0.401695,0.464588,0.062893,0.2502,0.8151
hle_1601,zeroclaw,HLE,1658,0.411274,0.318701,-0.092573,0.2503,0.8256
hle_1606,zeroclaw,HLE,12381,0.144806,0.147113,0.002307,0.2499,0.9461
hle_1613,zeroclaw,HLE,1938,0.280575,0.318472,0.037896,0.2503,0.8597
hle_1630,zeroclaw,HLE,1083,0.492192,0.332679,-0.159513,0.2502,0.8234
hle_1651,zeroclaw,HLE,1054,0.222747,0.362909,0.140162,0.2505,0.864
hle_1666,zeroclaw,HLE,1412,0.305874,0.26278,-0.043094,0.25,0.8915
hle_167,zeroclaw,HLE,597,0.16039,0.147051,-0.013339,0.2496,0.9435
hle_1672,zeroclaw,HLE,1793,0.168151,0.402128,0.233977,0.2499,0.8617
hle_1676,zeroclaw,HLE,1667,0.324293,0.268628,-0.055665,0.2501,0.8542
hle_1679,zeroclaw,HLE,1508,0.212755,0.243877,0.031123,0.25,0.8854
hle_1680,zeroclaw,HLE,1447,0.400607,0.366971,-0.033636,0.2502,0.8459
hle_1682,zeroclaw,HLE,1072,0.442102,0.304778,-0.137324,0.25,0.8414
hle_1683,zeroclaw,HLE,2903,0.07111,0.035826,-0.035284,0.248,0.9869
hle_1685,zeroclaw,HLE,3504,0.268836,0.490476,0.22164,0.25,0.8993
hle_1686,zeroclaw,HLE,602,0.281866,0.379172,0.097306,0.2492,0.8586
hle_1690,zeroclaw,HLE,3137,0.114506,0.24239,0.127884,0.2486,0.8879
hle_1694,zeroclaw,HLE,2480,0.362291,0.15798,-0.204311,0.25,0.8874
hle_1696,zeroclaw,HLE,4781,0.359694,0.159948,-0.199746,0.2499,0.9097
hle_1697,zeroclaw,HLE,1307,0.269611,0.25421,-0.015401,0.2502,0.8958
hle_1699,zeroclaw,HLE,984,0.360635,0.347696,-0.012939,0.25,0.8411
hle_1705,zeroclaw,HLE,3202,0.520662,0.238621,-0.282041,0.2502,0.8829
hle_1716,zeroclaw,HLE,999,0.535861,0.623256,0.087396,0.2503,0.801
hle_1719,zeroclaw,HLE,7813,0.179348,0.27608,0.096732,0.2487,0.9234
hle_1740,zeroclaw,HLE,1653,0.312737,0.230593,-0.082144,0.2492,0.8927
hle_1743,zeroclaw,HLE,971,0.353119,0.32738,-0.025739,0.2503,0.8519
hle_1745,zeroclaw,HLE,1512,0.217565,0.199309,-0.018256,0.2493,0.8884
hle_1749,zeroclaw,HLE,1371,0.310928,0.274614,-0.036314,0.2502,0.8709
hle_1750,zeroclaw,HLE,6894,0.296683,0.103498,-0.193186,0.2491,0.9296
hle_1755,zeroclaw,HLE,949,0.371548,0.412562,0.041014,0.2497,0.8505
hle_1756,zeroclaw,HLE,908,0.353783,0.326745,-0.027038,0.25,0.8667
hle_176,zeroclaw,HLE,1495,0.337655,0.339785,0.002131,0.2502,0.8643
hle_1761,zeroclaw,HLE,908,0.316371,0.263976,-0.052395,0.25,0.8782
hle_1766,zeroclaw,HLE,1614,0.324027,0.305807,-0.01822,0.2497,0.8747
hle_1787,zeroclaw,HLE,6122,0.242295,0.177006,-0.065289,0.2499,0.9205
hle_179,zeroclaw,HLE,301,0.275271,0.343714,0.068443,0.2492,0.8686
hle_1792,zeroclaw,HLE,3601,0.115429,0.204777,0.089348,0.2472,0.9442
hle_1799,zeroclaw,HLE,1550,0.387628,0.406155,0.018527,0.2503,0.8045
hle_1800,zeroclaw,HLE,8361,0.190154,0.060562,-0.129592,0.2481,0.9397
hle_1803,zeroclaw,HLE,4059,0.463175,0.178214,-0.284962,0.2501,0.9066
hle_1804,zeroclaw,HLE,594,0.272961,0.215345,-0.057616,0.2508,0.8705
hle_1808,zeroclaw,HLE,2967,0.498587,0.217441,-0.281146,0.2497,0.8624
hle_1810,zeroclaw,HLE,1368,0.546772,0.431325,-0.115447,0.25,0.8247
hle_1817,zeroclaw,HLE,1804,0.32945,0.18132,-0.148131,0.2494,0.9191
hle_1827,zeroclaw,HLE,3471,0.408848,0.065522,-0.343326,0.2495,0.93
hle_1836,zeroclaw,HLE,5556,0.224597,0.140831,-0.083766,0.2496,0.9273
hle_1837,zeroclaw,HLE,2239,0.443691,0.147412,-0.29628,0.2501,0.9268
hle_184,zeroclaw,HLE,1581,0.326953,0.286684,-0.04027,0.2498,0.8521
hle_1847,zeroclaw,HLE,889,0.267042,0.649553,0.382512,0.2497,0.8355
hle_185,zeroclaw,HLE,3030,0.472483,0.312221,-0.160262,0.2498,0.8545
hle_1855,zeroclaw,HLE,1481,0.50736,0.342274,-0.165086,0.2498,0.8253
hle_1856,zeroclaw,HLE,1115,0.381858,0.322737,-0.059121,0.2502,0.8554
hle_1861,zeroclaw,HLE,1679,0.376071,0.317074,-0.058997,0.2496,0.8653
hle_1862,zeroclaw,HLE,700,0.272383,0.334824,0.062441,0.25,0.8668
hle_1863,zeroclaw,HLE,1978,0.137759,0.106559,-0.0312,0.2497,0.9497
hle_1864,zeroclaw,HLE,1000,0.353734,0.397666,0.043932,0.25,0.8737
hle_1865,zeroclaw,HLE,2113,0.232907,0.359359,0.126452,0.2494,0.8628
hle_1869,zeroclaw,HLE,1299,0.323324,0.161362,-0.161962,0.2494,0.9082
hle_187,zeroclaw,HLE,2039,0.256328,0.284835,0.028506,0.2496,0.9241
hle_1871,zeroclaw,HLE,1484,0.415475,0.308556,-0.106919,0.25,0.873
hle_1877,zeroclaw,HLE,1702,0.504341,0.27221,-0.232131,0.2503,0.8756
hle_1880,zeroclaw,HLE,1157,0.378231,0.551552,0.173321,0.2498,0.832
hle_1884,zeroclaw,HLE,854,0.296846,0.287468,-0.009378,0.2506,0.8772
hle_189,zeroclaw,HLE,1288,0.175982,0.200859,0.024877,0.25,0.8778
hle_1890,zeroclaw,HLE,2617,0.093852,0.190663,0.096812,0.2465,0.9612
hle_1909,zeroclaw,HLE,10833,0.289311,0.224393,-0.064918,0.2491,0.9099
hle_191,zeroclaw,HLE,1086,0.329822,0.172419,-0.157403,0.2505,0.8912
hle_1917,zeroclaw,HLE,2368,0.451631,0.46879,0.017159,0.25,0.8333
hle_1919,zeroclaw,HLE,993,0.632374,0.518415,-0.113959,0.2497,0.8153
hle_1920,zeroclaw,HLE,714,0.562125,0.269191,-0.292934,0.2507,0.8453
hle_1922,zeroclaw,HLE,1607,0.479744,0.341458,-0.138286,0.2502,0.8422
hle_1926,zeroclaw,HLE,3466,0.126377,0.098371,-0.028006,0.2429,0.9694
hle_1927,zeroclaw,HLE,900,0.187447,0.30262,0.115173,0.25,0.9077
hle_1928,zeroclaw,HLE,1030,0.337121,0.277199,-0.059922,0.2505,0.8801
hle_193,zeroclaw,HLE,1434,0.323362,0.199868,-0.123493,0.2503,0.8986
hle_1938,zeroclaw,HLE,1174,0.400247,0.254096,-0.146151,0.2504,0.8495
hle_1940,zeroclaw,HLE,1419,0.305844,0.25702,-0.048825,0.2502,0.9093
hle_1945,zeroclaw,HLE,1146,0.241218,0.425955,0.184737,0.2504,0.868
hle_1946,zeroclaw,HLE,1004,0.41861,0.426511,0.007901,0.25,0.8434
hle_1947,zeroclaw,HLE,1675,0.254988,0.451973,0.196986,0.2501,0.8228
hle_1958,zeroclaw,HLE,2685,0.216639,0.005253,-0.211386,0.2492,0.9351
hle_1965,zeroclaw,HLE,7913,0.233778,0.23882,0.005042,0.2496,0.9208
hle_1972,zeroclaw,HLE,4636,0.275603,0.141859,-0.133744,0.2489,0.9283
hle_1980,zeroclaw,HLE,1211,0.290755,0.353486,0.062731,0.2502,0.871
hle_2003,zeroclaw,HLE,856,0.453682,0.449341,-0.004341,0.25,0.8406
hle_2005,zeroclaw,HLE,1457,0.453831,0.312462,-0.141369,0.2498,0.8457
hle_2010,zeroclaw,HLE,1204,0.363347,0.403308,0.039961,0.25,0.8477
hle_2016,zeroclaw,HLE,2912,0.361362,0.217395,-0.143967,0.249,0.8977
hle_2022,zeroclaw,HLE,7039,0.325194,0.013629,-0.311565,0.2498,0.965
hle_2024,zeroclaw,HLE,1991,0.378049,0.218628,-0.159421,0.2501,0.8914
hle_2037,zeroclaw,HLE,928,0.252821,0.28355,0.030728,0.25,0.8997
hle_2038,zeroclaw,HLE,672,0.324789,0.30905,-0.015739,0.25,0.8781
hle_2043,zeroclaw,HLE,3171,0.192269,0.092349,-0.099919,0.2491,0.9212
hle_2046,zeroclaw,HLE,2099,0.310891,0.150636,-0.160255,0.2496,0.9011
hle_2060,zeroclaw,HLE,5794,0.499281,0.018369,-0.480913,0.2499,0.9158
hle_2062,zeroclaw,HLE,474,0.323602,0.270578,-0.053024,0.2511,0.8735
hle_2073,zeroclaw,HLE,825,0.33024,0.28694,-0.0433,0.2497,0.8811
hle_2074,zeroclaw,HLE,1092,0.396617,0.263693,-0.132924,0.25,0.8378
hle_2084,zeroclaw,HLE,4528,0.323168,0.189388,-0.13378,0.2493,0.9059
hle_2087,zeroclaw,HLE,1425,0.38007,0.452004,0.071935,0.2498,0.8315
hle_2088,zeroclaw,HLE,5596,0.29293,0.152864,-0.140065,0.2484,0.9288
hle_2091,zeroclaw,HLE,3550,0.40388,0.320432,-0.083448,0.2501,0.854
hle_2093,zeroclaw,HLE,1167,0.307864,0.333652,0.025788,0.2494,0.8842
hle_2097,zeroclaw,HLE,4296,0.448977,0.196894,-0.252083,0.2493,0.9004
hle_210,zeroclaw,HLE,3149,0.203629,0.291379,0.08775,0.2499,0.8657
hle_2111,zeroclaw,HLE,1106,0.204268,0.335047,0.130779,0.2505,0.8739
hle_2116,zeroclaw,HLE,943,0.235678,0.290144,0.054467,0.2471,0.9031
hle_2117,zeroclaw,HLE,1781,0.412054,0.312312,-0.099741,0.2499,0.8639
hle_212,zeroclaw,HLE,1416,0.468642,0.258061,-0.210581,0.25,0.8757
hle_2120,zeroclaw,HLE,2665,0.469946,0.413324,-0.056623,0.2499,0.8494
hle_2132,zeroclaw,HLE,9648,0.307801,0.115389,-0.192413,0.249,0.9303
hle_2140,zeroclaw,HLE,2686,0.244843,0.092181,-0.152663,0.2502,0.9411
hle_2153,zeroclaw,HLE,8238,0.076483,0.250301,0.173818,0.2492,0.9549
hle_2154,zeroclaw,HLE,3143,0.262238,0.187686,-0.074552,0.2501,0.8891
hle_2158,zeroclaw,HLE,5294,0.495775,0.174024,-0.321752,0.2499,0.8884
hle_2163,zeroclaw,HLE,1015,0.283984,0.338812,0.054828,0.2502,0.8726
hle_2168,zeroclaw,HLE,3095,0.453247,0.190413,-0.262834,0.2498,0.8939
hle_2174,zeroclaw,HLE,1469,0.340269,0.244466,-0.095803,0.2485,0.8919
hle_2177,zeroclaw,HLE,1084,0.369882,0.397212,0.02733,0.25,0.8222
hle_2179,zeroclaw,HLE,2025,0.361983,0.276886,-0.085097,0.2494,0.8906
hle_218,zeroclaw,HLE,911,0.50496,0.304168,-0.200792,0.2503,0.8488
hle_2181,zeroclaw,HLE,4873,0.362896,0.176768,-0.186128,0.2499,0.9128
hle_2182,zeroclaw,HLE,1856,0.350893,0.324747,-0.026146,0.25,0.8838
hle_2187,zeroclaw,HLE,4991,0.337644,0.125377,-0.212267,0.2484,0.9276
hle_2191,zeroclaw,HLE,975,0.299336,0.355883,0.056547,0.2503,0.8621
hle_2197,zeroclaw,HLE,1475,0.364339,0.391766,0.027427,0.2502,0.8574
hle_2199,zeroclaw,HLE,1660,0.253579,0.381941,0.128362,0.2494,0.8754
hle_2200,zeroclaw,HLE,1012,0.378565,0.316879,-0.061686,0.25,0.8441
hle_2202,zeroclaw,HLE,5333,0.348802,0.115282,-0.23352,0.2498,0.9316
hle_2203,zeroclaw,HLE,1409,0.244641,0.314001,0.06936,0.2498,0.8664
hle_2214,zeroclaw,HLE,3013,0.430899,0.044084,-0.386816,0.2486,0.9381
hle_2225,zeroclaw,HLE,10170,0.053223,0.098663,0.04544,0.248,0.9863
hle_2248,zeroclaw,HLE,2991,0.346152,0.399623,0.053471,0.2501,0.8668
hle_2250,zeroclaw,HLE,1151,0.342781,0.361498,0.018717,0.2502,0.8784
hle_2252,zeroclaw,HLE,1428,0.233131,0.383162,0.150032,0.2493,0.8824
hle_2257,zeroclaw,HLE,1772,0.137549,0.272147,0.134598,0.25,0.8932
hle_2261,zeroclaw,HLE,11390,0.08924,0.075828,-0.013412,0.2435,0.9654
hle_2263,zeroclaw,HLE,248,0.515565,0.226002,-0.289564,0.25,0.8849
hle_2285,zeroclaw,HLE,1056,0.370285,0.361207,-0.009078,0.25,0.846
hle_2305,zeroclaw,HLE,4243,0.406252,0.21867,-0.187582,0.2498,0.8943
hle_2308,zeroclaw,HLE,1523,0.298964,0.336933,0.037969,0.2489,0.8762
hle_2318,zeroclaw,HLE,1061,0.539049,0.545445,0.006396,0.2498,0.8029
hle_2324,zeroclaw,HLE,2520,0.583487,0.506304,-0.077183,0.25,0.7943
hle_2326,zeroclaw,HLE,5013,0.169913,0.074477,-0.095436,0.2492,0.9568
hle_2332,zeroclaw,HLE,1822,0.572999,0.368747,-0.204252,0.2503,0.8293
hle_2334,zeroclaw,HLE,892,0.248986,0.311569,0.062584,0.25,0.8743
hle_2335,zeroclaw,HLE,802,0.316637,0.462176,0.145539,0.2506,0.8596
hle_2337,zeroclaw,HLE,1333,0.359227,0.382508,0.023281,0.2498,0.8322
hle_2354,zeroclaw,HLE,2553,0.501807,0.250795,-0.251011,0.2499,0.8651
hle_236,zeroclaw,HLE,2762,0.32759,0.475188,0.147598,0.2502,0.8674
hle_2360,zeroclaw,HLE,870,0.388633,0.361454,-0.027179,0.2494,0.8603
hle_2364,zeroclaw,HLE,1099,0.381476,0.268057,-0.11342,0.2502,0.8968
hle_2367,zeroclaw,HLE,3191,0.49408,0.243694,-0.250386,0.2501,0.878
hle_2371,zeroclaw,HLE,3438,0.419966,0.224507,-0.195459,0.2499,0.8987
hle_2373,zeroclaw,HLE,8106,0.321295,0.116568,-0.204727,0.2501,0.918
hle_2379,zeroclaw,HLE,971,0.366035,0.172403,-0.193632,0.2492,0.8976
hle_2389,zeroclaw,HLE,1382,0.276324,0.196167,-0.080157,0.2504,0.8837
hle_241,zeroclaw,HLE,1051,0.271649,0.232347,-0.039301,0.2493,0.8865
hle_242,zeroclaw,HLE,415,0.23508,0.207891,-0.027189,0.2506,0.861
hle_243,zeroclaw,HLE,1291,0.161039,0.28619,0.125151,0.2494,0.8908
hle_2470,zeroclaw,HLE,242,0.194441,0.11332,-0.081121,0.2521,0.926
hle_2486,zeroclaw,HLE,1662,0.390193,0.250855,-0.139338,0.2503,0.882
hle_251,zeroclaw,HLE,1042,0.459559,0.449902,-0.009657,0.2505,0.8436
hle_262,zeroclaw,HLE,1259,0.38421,0.254089,-0.130121,0.2502,0.8629
hle_267,zeroclaw,HLE,807,0.383902,0.301125,-0.082777,0.2503,0.8642
hle_27,zeroclaw,HLE,653,0.163164,0.369894,0.20673,0.2496,0.894
hle_272,zeroclaw,HLE,3008,0.492459,0.256546,-0.235913,0.25,0.8653
hle_278,zeroclaw,HLE,2087,0.420381,0.303994,-0.116386,0.2501,0.853
hle_280,zeroclaw,HLE,1145,0.372867,0.268545,-0.104322,0.2498,0.8904
hle_283,zeroclaw,HLE,885,0.52765,0.365702,-0.161948,0.2497,0.8075
hle_288,zeroclaw,HLE,1710,0.25334,0.074187,-0.179154,0.2503,0.92
hle_293,zeroclaw,HLE,1003,0.447028,0.483893,0.036865,0.2502,0.8277
hle_294,zeroclaw,HLE,988,0.242344,0.222668,-0.019676,0.25,0.9086
hle_302,zeroclaw,HLE,1122,0.270509,0.277193,0.006684,0.2496,0.8758
hle_309,zeroclaw,HLE,7578,0.251068,0.18937,-0.061698,0.2495,0.9176
hle_32,zeroclaw,HLE,1521,0.404525,0.306911,-0.097614,0.2498,0.8315
hle_328,zeroclaw,HLE,1262,0.274221,0.414159,0.139938,0.2504,0.8558
hle_329,zeroclaw,HLE,951,0.215894,0.266724,0.05083,0.2503,0.8895
hle_330,zeroclaw,HLE,1767,0.217895,0.382437,0.164542,0.2501,0.8313
hle_331,zeroclaw,HLE,2700,0.512187,0.328609,-0.183578,0.25,0.813
hle_337,zeroclaw,HLE,1084,0.369087,0.411622,0.042534,0.25,0.8398
hle_338,zeroclaw,HLE,954,0.344603,0.240218,-0.104384,0.2505,0.8727
hle_341,zeroclaw,HLE,792,0.447423,0.509456,0.062033,0.25,0.8279
hle_344,zeroclaw,HLE,1765,0.5959,0.30955,-0.28635,0.2499,0.8402
hle_346,zeroclaw,HLE,1459,0.60556,0.349882,-0.255678,0.2502,0.8425
hle_35,zeroclaw,HLE,1620,0.292255,0.228412,-0.063843,0.25,0.8473
hle_350,zeroclaw,HLE,1368,0.32642,0.352982,0.026562,0.25,0.8713
hle_351,zeroclaw,HLE,1305,0.253819,0.249155,-0.004664,0.2498,0.8891
hle_354,zeroclaw,HLE,946,0.404804,0.289123,-0.115681,0.2505,0.8719
hle_358,zeroclaw,HLE,989,0.300208,0.26023,-0.039978,0.2487,0.8867
hle_366,zeroclaw,HLE,4099,0.442609,0.191854,-0.250755,0.2501,0.8904
hle_368,zeroclaw,HLE,1618,0.271073,0.17782,-0.093253,0.2503,0.9092
hle_37,zeroclaw,HLE,1289,0.561489,0.336334,-0.225154,0.2498,0.8388
hle_370,zeroclaw,HLE,2368,0.414881,0.335905,-0.078977,0.25,0.8695
hle_376,zeroclaw,HLE,13627,0.163282,0.09064,-0.072642,0.2495,0.9547
hle_380,zeroclaw,HLE,779,0.223537,0.181431,-0.042106,0.2503,0.8931
hle_382,zeroclaw,HLE,1210,0.215782,0.282465,0.066683,0.2504,0.8704
hle_383,zeroclaw,HLE,2473,0.38944,0.064973,-0.324467,0.2499,0.9201
hle_385,zeroclaw,HLE,840,0.290099,0.325299,0.0352,0.25,0.8806
hle_388,zeroclaw,HLE,715,0.223096,0.335187,0.112091,0.2503,0.8999
hle_389,zeroclaw,HLE,1799,0.338745,0.266895,-0.07185,0.2501,0.8631
hle_39,zeroclaw,HLE,1163,0.309901,0.393588,0.083686,0.2502,0.8594
hle_392,zeroclaw,HLE,1387,0.333712,0.309736,-0.023976,0.2502,0.8654
hle_402,zeroclaw,HLE,1725,0.348516,0.318857,-0.029659,0.2487,0.8706
hle_403,zeroclaw,HLE,1221,0.236938,0.204933,-0.032005,0.2498,0.9074
hle_41,zeroclaw,HLE,985,0.304033,0.30341,-0.000623,0.2497,0.8671
hle_410,zeroclaw,HLE,1389,0.455456,0.479189,0.023733,0.2498,0.8062
hle_417,zeroclaw,HLE,2023,0.313394,0.099643,-0.213751,0.2501,0.9252
hle_420,zeroclaw,HLE,1747,0.490552,0.348707,-0.141845,0.2501,0.8624
hle_426,zeroclaw,HLE,958,0.349989,0.334988,-0.015001,0.2505,0.8385
hle_427,zeroclaw,HLE,1916,0.486504,0.502673,0.016169,0.25,0.8108
hle_429,zeroclaw,HLE,1817,0.252742,0.247424,-0.005318,0.2499,0.8987
hle_432,zeroclaw,HLE,1141,0.445436,0.465916,0.02048,0.2498,0.8423
hle_433,zeroclaw,HLE,6321,0.197511,0.124465,-0.073046,0.2492,0.9414
hle_434,zeroclaw,HLE,1037,0.113178,0.07554,-0.037639,0.2488,0.9607
hle_435,zeroclaw,HLE,2137,0.390407,0.30263,-0.087777,0.2499,0.8507
hle_441,zeroclaw,HLE,1319,0.340967,0.330506,-0.010461,0.2502,0.863
hle_450,zeroclaw,HLE,587,0.37938,0.325439,-0.053941,0.2504,0.8611
hle_451,zeroclaw,HLE,1021,0.316297,0.262833,-0.053463,0.2498,0.8788
hle_452,zeroclaw,HLE,1519,0.422724,0.293427,-0.129297,0.2495,0.8515
hle_454,zeroclaw,HLE,2860,0.330965,0.310973,-0.019992,0.2497,0.8732
hle_456,zeroclaw,HLE,996,0.286109,0.210106,-0.076003,0.25,0.8995
hle_46,zeroclaw,HLE,1061,0.60796,0.389534,-0.218426,0.2498,0.8141
hle_460,zeroclaw,HLE,1245,0.349004,0.398871,0.049867,0.2498,0.8295
hle_461,zeroclaw,HLE,4042,0.58204,0.28846,-0.29358,0.2501,0.838
hle_463,zeroclaw,HLE,954,0.354946,0.374826,0.01988,0.2505,0.8671
hle_467,zeroclaw,HLE,1983,0.253732,0.168184,-0.085549,0.2501,0.9108
hle_473,zeroclaw,HLE,3617,0.411679,0.202994,-0.208685,0.2499,0.8855
hle_476,zeroclaw,HLE,819,0.336094,0.388868,0.052774,0.2491,0.869
hle_48,zeroclaw,HLE,2162,0.507049,0.276797,-0.230252,0.2502,0.8627
hle_486,zeroclaw,HLE,2684,0.3737,0.267023,-0.106677,0.25,0.8294
hle_496,zeroclaw,HLE,1599,0.490869,0.433963,-0.056906,0.2502,0.8403
hle_497,zeroclaw,HLE,4776,0.473045,0.192832,-0.280213,0.25,0.9024
hle_498,zeroclaw,HLE,1305,0.247108,0.211854,-0.035255,0.2498,0.8888
hle_499,zeroclaw,HLE,2417,0.316835,0.14516,-0.171675,0.2499,0.9148
hle_50,zeroclaw,HLE,4144,0.359711,0.107073,-0.252638,0.25,0.9049
hle_52,zeroclaw,HLE,13741,0.367322,0.083328,-0.283994,0.2487,0.9309
hle_522,zeroclaw,HLE,2132,0.281643,0.184115,-0.097528,0.25,0.8867
hle_526,zeroclaw,HLE,948,0.360025,0.377228,0.017203,0.25,0.868
hle_53,zeroclaw,HLE,1021,0.155383,0.184702,0.029319,0.2488,0.9275
hle_531,zeroclaw,HLE,374,0.178868,0.265366,0.086498,0.2513,0.8845
hle_532,zeroclaw,HLE,4619,0.237117,0.054199,-0.182917,0.2479,0.9505
hle_533,zeroclaw,HLE,919,0.373159,0.455556,0.082396,0.2503,0.8528
hle_539,zeroclaw,HLE,309,0.118887,0.116626,-0.002261,0.2492,0.9701
hle_54,zeroclaw,HLE,1505,0.35475,0.305483,-0.049267,0.2498,0.8762
hle_543,zeroclaw,HLE,1920,0.455977,0.302872,-0.153105,0.25,0.8687
hle_547,zeroclaw,HLE,714,0.198798,0.31641,0.117612,0.2493,0.8884
hle_556,zeroclaw,HLE,1573,0.443413,0.361754,-0.081658,0.2498,0.8487
hle_568,zeroclaw,HLE,1566,0.361974,0.295275,-0.0667,0.2503,0.8688
hle_582,zeroclaw,HLE,3420,0.147427,0.180646,0.033218,0.2436,0.9612
hle_583,zeroclaw,HLE,3833,0.274043,0.007041,-0.267002,0.2478,0.9505
hle_59,zeroclaw,HLE,1611,0.424979,0.30416,-0.12082,0.2502,0.8666
hle_591,zeroclaw,HLE,4391,0.385823,0.158424,-0.227399,0.2494,0.9124
hle_592,zeroclaw,HLE,1782,0.368833,0.165616,-0.203217,0.2503,0.8975
hle_593,zeroclaw,HLE,1183,0.290034,0.229307,-0.060727,0.2502,0.8684
hle_598,zeroclaw,HLE,1367,0.336759,0.360777,0.024018,0.2502,0.84
hle_60,zeroclaw,HLE,1608,0.287276,0.161139,-0.126137,0.25,0.9273
hle_603,zeroclaw,HLE,1356,0.309046,0.303896,-0.00515,0.25,0.8713
hle_604,zeroclaw,HLE,1783,0.3045,0.287248,-0.017252,0.2501,0.8833
hle_607,zeroclaw,HLE,934,0.420596,0.256582,-0.164014,0.2505,0.8519
hle_614,zeroclaw,HLE,1707,0.251023,0.307035,0.056013,0.2501,0.8876
hle_625,zeroclaw,HLE,1404,0.310986,0.168303,-0.142683,0.2486,0.8908
hle_633,zeroclaw,HLE,1432,0.340824,0.423426,0.082602,0.25,0.824
hle_636,zeroclaw,HLE,1214,0.301595,0.216293,-0.085302,0.2504,0.8919
hle_643,zeroclaw,HLE,6668,0.302891,0.118418,-0.184473,0.2499,0.9313
hle_647,zeroclaw,HLE,2919,0.283638,0.191039,-0.092599,0.2501,0.8946
hle_653,zeroclaw,HLE,1246,0.243128,0.273114,0.029986,0.2504,0.8831
hle_654,zeroclaw,HLE,1084,0.267557,0.527652,0.260095,0.2491,0.8329
hle_655,zeroclaw,HLE,1308,0.317242,0.199888,-0.117355,0.2492,0.896
hle_660,zeroclaw,HLE,4035,0.209451,0.006576,-0.202875,0.2483,0.966
hle_661,zeroclaw,HLE,4292,0.432284,0.135518,-0.296767,0.2498,0.9083
hle_668,zeroclaw,HLE,1409,0.499139,0.355943,-0.143196,0.2498,0.8004
hle_677,zeroclaw,HLE,1310,0.368356,0.314409,-0.053948,0.2504,0.8664
hle_678,zeroclaw,HLE,1293,0.321726,0.222814,-0.098912,0.2498,0.8887
hle_68,zeroclaw,HLE,1420,0.298596,0.624478,0.325882,0.25,0.8294
hle_681,zeroclaw,HLE,1397,0.326184,0.274195,-0.051989,0.2491,0.8525
hle_687,zeroclaw,HLE,2635,0.314502,0.209438,-0.105064,0.2493,0.9061
hle_688,zeroclaw,HLE,1528,0.290795,0.311694,0.0209,0.2487,0.8775
hle_690,zeroclaw,HLE,771,0.271118,0.332478,0.06136,0.2503,0.9058
hle_692,zeroclaw,HLE,3126,0.352591,0.290027,-0.062564,0.2498,0.8792
hle_694,zeroclaw,HLE,1224,0.526189,0.42646,-0.09973,0.25,0.837
hle_697,zeroclaw,HLE,1022,0.326518,0.39557,0.069052,0.2505,0.8517
hle_698,zeroclaw,HLE,2651,0.219828,0.111372,-0.108456,0.2501,0.938
hle_699,zeroclaw,HLE,2673,0.567506,0.267447,-0.300058,0.2499,0.8511
hle_70,zeroclaw,HLE,979,0.335653,0.264166,-0.071487,0.2503,0.8831
hle_700,zeroclaw,HLE,6759,0.436654,0.109734,-0.32692,0.2494,0.9119
hle_705,zeroclaw,HLE,350,0.322801,0.119994,-0.202807,0.2514,0.8528
hle_707,zeroclaw,HLE,2160,0.344947,0.447402,0.102455,0.25,0.8145
hle_708,zeroclaw,HLE,1754,0.330304,0.261854,-0.068451,0.2503,0.864
hle_711,zeroclaw,HLE,5762,0.338894,0.002216,-0.336678,0.2454,0.9371
hle_72,zeroclaw,HLE,2174,0.249497,0.237487,-0.01201,0.2502,0.9007
hle_724,zeroclaw,HLE,5237,0.381239,0.159825,-0.221415,0.2496,0.9107
hle_728,zeroclaw,HLE,2097,0.451079,0.239572,-0.211507,0.2499,0.8688
hle_747,zeroclaw,HLE,3281,0.323378,0.008741,-0.314637,0.2493,0.9526
hle_75,zeroclaw,HLE,1926,0.338492,0.392461,0.05397,0.2503,0.8286
hle_752,zeroclaw,HLE,1416,0.187645,0.311882,0.124237,0.25,0.9058
hle_773,zeroclaw,HLE,4139,0.349183,0.213918,-0.135265,0.2493,0.8993
hle_779,zeroclaw,HLE,1907,0.340494,0.139379,-0.201115,0.2501,0.9163
hle_787,zeroclaw,HLE,1845,0.311206,0.239733,-0.071474,0.2499,0.8775
hle_790,zeroclaw,HLE,2917,0.211477,0.178325,-0.033152,0.2496,0.8798
hle_792,zeroclaw,HLE,4073,0.377792,0.160995,-0.216797,0.2499,0.9153
hle_800,zeroclaw,HLE,2622,0.44887,0.229337,-0.219533,0.2498,0.8855
hle_801,zeroclaw,HLE,1141,0.258187,0.227558,-0.030628,0.2498,0.9104
hle_805,zeroclaw,HLE,1289,0.239398,0.331833,0.092436,0.2498,0.8646
hle_807,zeroclaw,HLE,1617,0.295691,0.396062,0.10037,0.2498,0.854
hle_808,zeroclaw,HLE,1589,0.485913,0.377546,-0.108367,0.2498,0.8073
hle_812,zeroclaw,HLE,1326,0.260269,0.461719,0.20145,0.2504,0.8266
hle_814,zeroclaw,HLE,1653,0.331026,0.364303,0.033276,0.2498,0.8862
hle_819,zeroclaw,HLE,3424,0.207959,0.327543,0.119584,0.2474,0.9338
hle_822,zeroclaw,HLE,692,0.298337,0.373172,0.074834,0.25,0.8714
hle_825,zeroclaw,HLE,486,0.351032,0.327657,-0.023374,0.251,0.8485
hle_827,zeroclaw,HLE,1953,0.237609,0.313914,0.076305,0.2499,0.8829
hle_829,zeroclaw,HLE,6884,0.224338,0.095709,-0.12863,0.249,0.9459
hle_831,zeroclaw,HLE,2414,0.174101,0.27531,0.101209,0.2502,0.8496
hle_834,zeroclaw,HLE,3177,0.092048,0.143135,0.051086,0.2499,0.9726
hle_835,zeroclaw,HLE,1956,0.398944,0.35635,-0.042594,0.25,0.8688
hle_85,zeroclaw,HLE,2031,0.410943,0.192886,-0.218057,0.2501,0.8608
hle_867,zeroclaw,HLE,4658,0.243906,0.137755,-0.106151,0.2499,0.914
hle_87,zeroclaw,HLE,1470,0.569675,0.361586,-0.208089,0.2503,0.841
hle_875,zeroclaw,HLE,5945,0.430469,0.154467,-0.276002,0.25,0.9
hle_877,zeroclaw,HLE,1162,0.254323,0.340462,0.086139,0.2504,0.863
hle_88,zeroclaw,HLE,2691,0.261926,0.205942,-0.055984,0.2501,0.8982
hle_880,zeroclaw,HLE,4483,0.114482,0.044385,-0.070097,0.2465,0.9638
hle_883,zeroclaw,HLE,2690,0.274757,0.054715,-0.220042,0.2502,0.9217
hle_885,zeroclaw,HLE,3688,0.392216,0.257218,-0.134998,0.25,0.8896
hle_892,zeroclaw,HLE,2178,0.339765,0.261648,-0.078117,0.2502,0.8683
hle_894,zeroclaw,HLE,1678,0.411267,0.281455,-0.129813,0.2503,0.8708
hle_897,zeroclaw,HLE,13605,0.233851,0.087939,-0.145912,0.2491,0.9484
hle_905,zeroclaw,HLE,1102,0.451279,0.259363,-0.191916,0.2505,0.849
hle_917,zeroclaw,HLE,419,0.460342,0.358823,-0.101518,0.2506,0.8614
hle_921,zeroclaw,HLE,1048,0.314749,0.230344,-0.084405,0.2481,0.877
hle_923,zeroclaw,HLE,1796,0.280703,0.250811,-0.029891,0.25,0.8922
hle_926,zeroclaw,HLE,1197,0.447337,0.265401,-0.181936,0.2498,0.8727
hle_930,zeroclaw,HLE,2844,0.218531,0.00578,-0.212751,0.2468,0.9336
hle_931,zeroclaw,HLE,4252,0.360029,0.157448,-0.20258,0.2491,0.9132
hle_934,zeroclaw,HLE,1779,0.403005,0.33772,-0.065284,0.2501,0.8635
hle_935,zeroclaw,HLE,1149,0.2372,0.350392,0.113192,0.2498,0.8645
hle_936,zeroclaw,HLE,2566,0.284339,0.245792,-0.038546,0.2498,0.9007
hle_937,zeroclaw,HLE,1307,0.415911,0.274292,-0.141619,0.2502,0.8609
hle_938,zeroclaw,HLE,1950,0.350736,0.2475,-0.103235,0.2497,0.8968
hle_945,zeroclaw,HLE,1371,0.315565,0.265484,-0.050081,0.2502,0.864
hle_948,zeroclaw,HLE,1593,0.185582,0.1687,-0.016881,0.2492,0.9124
hle_95,zeroclaw,HLE,279,0.474388,0.306629,-0.167759,0.2509,0.8311
hle_966,zeroclaw,HLE,1109,0.334762,0.492865,0.158103,0.2498,0.8608
hle_967,zeroclaw,HLE,1364,0.445407,0.291307,-0.1541,0.25,0.8612
hle_969,zeroclaw,HLE,5313,0.144263,0.099187,-0.045076,0.2496,0.9485
hle_970,zeroclaw,HLE,2262,0.306058,0.150881,-0.155176,0.2502,0.8983
hle_971,zeroclaw,HLE,1018,0.23503,0.17477,-0.06026,0.2505,0.9175
hle_978,zeroclaw,HLE,1295,0.331168,0.36818,0.037012,0.2502,0.8712
hle_98,zeroclaw,HLE,1788,0.280686,0.22226,-0.058426,0.25,0.8907
hle_980,zeroclaw,HLE,3896,0.404428,0.166511,-0.237917,0.25,0.9055
hle_981,zeroclaw,HLE,6329,0.345929,0.247896,-0.098033,0.25,0.888
hle_988,zeroclaw,HLE,1089,0.280541,0.242955,-0.037586,0.2498,0.8903
hle_999,zeroclaw,HLE,3236,0.250364,0.139191,-0.111173,0.25,0.9293
