task_id,harness,arm_mode,n_segments,mean_arm_score,mean_text_len,harness_entropy,repeated_ngram_rate
gpqa_0,openclaw,IC,1,4.0,1752.0,0.3139365549458475,0.1381692573402418
gpqa_0,openclaw,PD,1,3.0,649.0,0.3139365549458475,0.1381692573402418
gpqa_0,openclaw,reason,4,0.0,888.0,0.3139365549458475,0.1381692573402418
gpqa_0,opencode,SE,2,2.0,1681.5,0.327966237093093,0.4788583509513742
gpqa_0,opencode,reason,5,0.0,621.4,0.327966237093093,0.4788583509513742
gpqa_0,zeroclaw,UN,1,1.0,3392.0,0.176317605987249,0.2012048192771084
gpqa_0,zeroclaw,reason,16,0.0,112.25,0.176317605987249,0.2012048192771084
gpqa_1,openclaw,IC,3,2.3333333333333335,1951.6666666666667,0.3299891855972895,0.1345238095238095
gpqa_1,openclaw,reason,3,0.0,771.6666666666666,0.3299891855972895,0.1345238095238095
gpqa_1,opencode,RR,2,7.0,3901.5,0.3838656452610808,0.4906511927788523
gpqa_1,opencode,reason,5,0.0,595.4,0.3838656452610808,0.4906511927788523
gpqa_1,zeroclaw,IC,1,4.0,4666.0,0.2942403229696091,0.0878438331854481
gpqa_1,zeroclaw,PD,2,1.0,198.5,0.2942403229696091,0.0878438331854481
gpqa_1,zeroclaw,RR,1,2.0,80.0,0.2942403229696091,0.0878438331854481
gpqa_1,zeroclaw,reason,13,0.0,138.92307692307693,0.2942403229696091,0.0878438331854481
gpqa_10,openclaw,IC,2,2.0,3176.5,0.2793447835890891,0.2732558139534883
gpqa_10,openclaw,PD,3,2.6666666666666665,7697.666666666667,0.2793447835890891,0.2732558139534883
gpqa_10,openclaw,UN,2,2.0,1744.0,0.2793447835890891,0.2732558139534883
gpqa_10,openclaw,reason,54,0.0,1138.3148148148148,0.2793447835890891,0.2732558139534883
gpqa_10,opencode,IC,1,2.0,2859.0,0.3092497697762995,0.5052970981114694
gpqa_10,opencode,PD,2,4.0,4595.0,0.3092497697762995,0.5052970981114694
gpqa_10,opencode,reason,60,0.0,394.1,0.3092497697762995,0.5052970981114694
gpqa_10,zeroclaw,IC,1,2.0,303.0,0.313620458027403,0.1290566037735849
gpqa_10,zeroclaw,RR,1,2.0,5618.0,0.313620458027403,0.1290566037735849
gpqa_10,zeroclaw,reason,15,0.0,175.93333333333334,0.313620458027403,0.1290566037735849
gpqa_100,openclaw,UN,1,934.0,138347.0,0.0265833231274897,0.96234369759977
gpqa_100,openclaw,reason,1,0.0,1189.0,0.0265833231274897,0.96234369759977
gpqa_100,opencode,PD,1,138.0,20170.0,0.0920069503722644,0.8166010498687664
gpqa_100,opencode,reason,1,0.0,410.0,0.0920069503722644,0.8166010498687664
gpqa_100,zeroclaw,PD,6,7.666666666666667,1132.6666666666667,0.400804708940784,0.1063348416289592
gpqa_100,zeroclaw,RR,2,2.5,327.0,0.400804708940784,0.1063348416289592
gpqa_100,zeroclaw,reason,9,0.0,141.11111111111111,0.400804708940784,0.1063348416289592
gpqa_101,openclaw,PD,2,1076.0,83753.5,0.0264267748561478,0.9683943849156906
gpqa_101,opencode,PD,3,82.66666666666667,4468.666666666667,0.4620103281671663,0.5038240917782026
gpqa_101,opencode,reason,1,0.0,404.0,0.4620103281671663,0.5038240917782026
gpqa_101,zeroclaw,PD,15,10.133333333333333,502.26666666666665,0.4229663683773598,0.1274809160305343
gpqa_101,zeroclaw,UN,1,2.0,235.0,0.4229663683773598,0.1274809160305343
gpqa_101,zeroclaw,reason,1,0.0,283.0,0.4229663683773598,0.1274809160305343
gpqa_102,openclaw,PD,2,1633.0,114420.0,0.0149082473185111,0.9866374589266156
gpqa_102,opencode,PD,3,50.0,4274.333333333333,0.5641916362697069,0.4822469528351881
gpqa_102,opencode,reason,1,0.0,404.0,0.5641916362697069,0.4822469528351881
gpqa_102,zeroclaw,PD,10,5.2,500.6,0.5056891414288549,0.0457589285714285
gpqa_102,zeroclaw,RR,2,2.0,170.0,0.5056891414288549,0.0457589285714285
gpqa_102,zeroclaw,UN,1,2.0,109.0,0.5056891414288549,0.0457589285714285
gpqa_102,zeroclaw,reason,4,0.0,60.5,0.5056891414288549,0.0457589285714285
gpqa_103,openclaw,PD,2,55.0,6174.0,0.2694338188423879,0.0820476858345021
gpqa_103,opencode,PD,3,76.0,7027.666666666667,0.254169911500983,0.5470867208672087
gpqa_103,opencode,reason,1,0.0,404.0,0.254169911500983,0.5470867208672087
gpqa_103,zeroclaw,PD,9,10.88888888888889,978.1111111111111,0.4265125566894891,0.1641577060931899
gpqa_103,zeroclaw,reason,8,0.0,74.75,0.4265125566894891,0.1641577060931899
gpqa_104,openclaw,PD,2,46.0,5255.5,0.4262714785931303,0.0997566909975669
gpqa_104,opencode,PD,4,51.5,4219.0,0.4656578220983285,0.4967689822294022
gpqa_104,opencode,reason,59,0.0,378.3220338983051,0.4656578220983285,0.4967689822294022
gpqa_104,zeroclaw,PD,15,7.733333333333333,591.9333333333333,0.4267351366549499,0.0788141720896601
gpqa_104,zeroclaw,reason,2,0.0,62.5,0.4267351366549499,0.0788141720896601
gpqa_105,openclaw,PD,1,46.0,4826.0,0.3354918154758119,0.086342229199372
gpqa_105,openclaw,reason,1,0.0,1162.0,0.3354918154758119,0.086342229199372
gpqa_105,opencode,PD,2,42.0,4391.0,0.357475724320906,0.4726618705035971
gpqa_105,opencode,reason,2,0.0,393.5,0.357475724320906,0.4726618705035971
gpqa_105,zeroclaw,PD,7,6.857142857142857,449.7142857142857,0.3139920059328224,0.0591133004926108
gpqa_105,zeroclaw,RR,1,2.0,223.0,0.3139920059328224,0.0591133004926108
gpqa_105,zeroclaw,UN,1,2.0,189.0,0.3139920059328224,0.0591133004926108
gpqa_105,zeroclaw,reason,8,0.0,186.875,0.3139920059328224,0.0591133004926108
gpqa_106,openclaw,PD,2,1515.0,173347.0,0.0190701474314163,0.978904282115869
gpqa_106,opencode,PD,4,6.0,936.5,0.2662596272805326,0.4082503556187766
gpqa_106,opencode,reason,6,0.0,265.6666666666667,0.2662596272805326,0.4082503556187766
gpqa_106,zeroclaw,PD,1,2.0,1251.0,0.0,0.3685636856368564
gpqa_107,openclaw,PD,2,20.0,1637.5,0.4106245093774393,0.036144578313253
gpqa_107,opencode,PD,3,41.333333333333336,3527.6666666666665,0.501198360480681,0.475733972438586
gpqa_107,opencode,reason,14,0.0,385.42857142857144,0.501198360480681,0.475733972438586
gpqa_107,zeroclaw,PD,12,6.666666666666667,498.0833333333333,0.4742097359050051,0.1099324975891996
gpqa_107,zeroclaw,reason,5,0.0,137.0,0.4742097359050051,0.1099324975891996
gpqa_108,openclaw,reason,2,0.0,840.5,0.0,0.0
gpqa_108,opencode,PD,1,134.0,24152.0,0.2261044034786356,0.6645882047285009
gpqa_108,opencode,reason,1,0.0,652.0,0.2261044034786356,0.6645882047285009
gpqa_108,zeroclaw,reason,1,0.0,652.0,0.0,0.0045662100456621
gpqa_109,openclaw,PD,2,30.0,7993.5,0.3402734132873805,0.1444249341527655
gpqa_109,opencode,PD,2,54.0,11763.0,0.1785233104493483,0.7521318931210915
gpqa_109,zeroclaw,IC,1,3.0,111.0,0.4715600442752499,0.1272430668841762
gpqa_109,zeroclaw,PD,4,21.5,2602.0,0.4715600442752499,0.1272430668841762
gpqa_109,zeroclaw,RR,1,2.0,154.0,0.4715600442752499,0.1272430668841762
gpqa_109,zeroclaw,reason,11,0.0,94.81818181818181,0.4715600442752499,0.1272430668841762
gpqa_11,openclaw,PD,2,7.0,1139.0,0.2150614690782764,0.0831024930747922
gpqa_11,openclaw,reason,2,0.0,678.0,0.2150614690782764,0.0831024930747922
gpqa_11,opencode,IC,1,2.0,73.0,0.2668052547514141,0.4444444444444444
gpqa_11,opencode,PD,2,2.0,1802.0,0.2668052547514141,0.4444444444444444
gpqa_11,opencode,reason,10,0.0,270.3,0.2668052547514141,0.4444444444444444
gpqa_11,zeroclaw,IC,2,3.0,649.5,0.2419882254292085,0.1342281879194631
gpqa_11,zeroclaw,PD,1,2.0,54.0,0.2419882254292085,0.1342281879194631
gpqa_11,zeroclaw,reason,14,0.0,93.07142857142857,0.2419882254292085,0.1342281879194631
gpqa_110,openclaw,PD,2,1151.0,122221.0,0.0370122567919135,0.9875198927883408
gpqa_110,opencode,PD,3,24.666666666666668,3974.0,0.4874150108631352,0.5135603000577034
gpqa_110,opencode,reason,42,0.0,384.4761904761905,0.4874150108631352,0.5135603000577034
gpqa_110,zeroclaw,PD,5,10.8,1618.8,0.4906886691822406,0.1493180186647523
gpqa_110,zeroclaw,reason,12,0.0,88.25,0.4906886691822406,0.1493180186647523
gpqa_111,openclaw,IC,1,1.0,1196.0,0.3887905119648778,0.0889952153110047
gpqa_111,openclaw,PD,4,8.5,1996.0,0.3887905119648778,0.0889952153110047
gpqa_111,openclaw,reason,1,0.0,1104.0,0.3887905119648778,0.0889952153110047
gpqa_111,opencode,PD,1,148.0,25664.0,0.1044121434888101,0.8334655035685964
gpqa_111,opencode,reason,1,0.0,325.0,0.1044121434888101,0.8334655035685964
gpqa_111,zeroclaw,IC,1,2.0,25.0,0.3623270215149741,0.0622462787550744
gpqa_111,zeroclaw,PD,8,3.0,384.25,0.3623270215149741,0.0622462787550744
gpqa_111,zeroclaw,reason,8,0.0,191.625,0.3623270215149741,0.0622462787550744
gpqa_112,openclaw,PD,1,6.0,1339.0,0.0,0.0
gpqa_112,openclaw,reason,1,0.0,250.0,0.0,0.0
gpqa_112,opencode,PD,2,79.0,11698.0,0.1874723893566524,0.7180581488396905
gpqa_112,zeroclaw,PD,1,6.0,560.0,0.0,0.0
gpqa_113,openclaw,PD,2,18.0,3846.0,0.3502490288728195,0.0638792102206736
gpqa_113,opencode,PD,3,11.333333333333334,2391.0,0.3121053560599318,0.4594330400782013
gpqa_113,opencode,reason,33,0.0,384.6060606060606,0.3121053560599318,0.4594330400782013
gpqa_113,zeroclaw,IC,1,2.0,285.0,0.3969304750325587,0.0621761658031088
gpqa_113,zeroclaw,PD,8,5.0,590.875,0.3969304750325587,0.0621761658031088
gpqa_113,zeroclaw,reason,8,0.0,182.5,0.3969304750325587,0.0621761658031088
gpqa_114,openclaw,PD,2,21.0,3068.0,0.1951487707824254,0.0732484076433121
gpqa_114,opencode,PD,3,11.333333333333334,2225.0,0.2537569626564124,0.4100268576544315
gpqa_114,opencode,reason,15,0.0,385.3333333333333,0.2537569626564124,0.4100268576544315
gpqa_114,zeroclaw,PD,4,11.0,1527.5,0.2274797711057523,0.1101083032490974
gpqa_114,zeroclaw,UN,1,2.0,132.0,0.2274797711057523,0.1101083032490974
gpqa_114,zeroclaw,reason,12,0.0,58.75,0.2274797711057523,0.1101083032490974
gpqa_115,openclaw,PD,2,33.0,2927.0,0.4025292764482571,0.0401396160558464
gpqa_115,opencode,PD,3,47.333333333333336,3225.3333333333335,0.4165639467374645,0.4752066115702479
gpqa_115,opencode,reason,3,0.0,390.6666666666667,0.4165639467374645,0.4752066115702479
gpqa_115,zeroclaw,PD,6,17.833333333333332,1090.3333333333333,0.4179603129466687,0.1382521489971346
gpqa_115,zeroclaw,RR,3,2.3333333333333335,314.0,0.4179603129466687,0.1382521489971346
gpqa_115,zeroclaw,reason,8,0.0,214.5,0.4179603129466687,0.1382521489971346
gpqa_116,openclaw,PD,1,1214.0,198496.0,0.0,0.9665302591742356
gpqa_116,openclaw,reason,1,0.0,604.0,0.0,0.9665302591742356
gpqa_116,opencode,PD,1,122.0,22274.0,0.3016921950806177,0.5941870030161777
gpqa_116,opencode,reason,1,0.0,604.0,0.3016921950806177,0.5941870030161777
gpqa_116,zeroclaw,reason,1,0.0,604.0,0.0,0.0535714285714285
gpqa_117,openclaw,PD,2,37.0,2602.5,0.312496458382379,0.0793650793650793
gpqa_117,opencode,PD,3,39.333333333333336,2166.0,0.3077841574012243,0.4148296593186373
gpqa_117,opencode,reason,1,0.0,403.0,0.3077841574012243,0.4148296593186373
gpqa_117,zeroclaw,PD,14,6.714285714285714,309.0,0.3040882247984819,0.0549169859514687
gpqa_117,zeroclaw,reason,3,0.0,132.33333333333334,0.3040882247984819,0.0549169859514687
gpqa_118,openclaw,PD,1,30.0,6377.0,0.3841608817791287,0.0770901194353963
gpqa_118,openclaw,reason,1,0.0,1445.0,0.3841608817791287,0.0770901194353963
gpqa_118,opencode,PD,2,22.0,4345.0,0.3568103532112535,0.4718208092485549
gpqa_118,opencode,reason,2,0.0,535.0,0.3568103532112535,0.4718208092485549
gpqa_118,zeroclaw,PD,6,5.0,538.0,0.3153528888460132,0.1029572836801752
gpqa_118,zeroclaw,RR,2,2.5,197.0,0.3153528888460132,0.1029572836801752
gpqa_118,zeroclaw,UN,1,2.0,150.0,0.3153528888460132,0.1029572836801752
gpqa_118,zeroclaw,reason,8,0.0,279.75,0.3153528888460132,0.1029572836801752
gpqa_119,openclaw,PD,2,35.0,2540.0,0.2960303909246122,0.0867992766726944
gpqa_119,opencode,PD,3,58.0,3521.6666666666665,0.4797263171585508,0.4945388349514563
gpqa_119,opencode,reason,3,0.0,390.6666666666667,0.4797263171585508,0.4945388349514563
gpqa_119,zeroclaw,PD,8,8.0,397.875,0.3158598909908934,0.069701280227596
gpqa_119,zeroclaw,RR,3,2.6666666666666665,135.0,0.3158598909908934,0.069701280227596
gpqa_119,zeroclaw,reason,6,0.0,92.66666666666667,0.3158598909908934,0.069701280227596
gpqa_12,openclaw,PD,2,65.0,33616.5,0.0299657709260934,0.940565118544982
gpqa_12,opencode,PD,4,15.0,2542.0,0.3178385194961593,0.5175438596491229
gpqa_12,opencode,reason,3,0.0,272.3333333333333,0.3178385194961593,0.5175438596491229
gpqa_12,zeroclaw,PD,8,3.75,852.0,0.3580950191849547,0.1092436974789916
gpqa_12,zeroclaw,reason,9,0.0,67.55555555555556,0.3580950191849547,0.1092436974789916
gpqa_120,openclaw,IC,1,335.0,223741.0,0.0,0.9809607867860296
gpqa_120,openclaw,PD,1,4.0,516.0,0.0,0.9809607867860296
gpqa_120,opencode,PD,2,49.0,13541.5,0.1515196223420112,0.7873708381171067
gpqa_120,zeroclaw,PD,2,19.0,5630.5,0.3107841904895401,0.1371769383697813
gpqa_120,zeroclaw,RR,4,2.5,116.25,0.3107841904895401,0.1371769383697813
gpqa_120,zeroclaw,UN,2,2.0,105.5,0.3107841904895401,0.1371769383697813
gpqa_120,zeroclaw,reason,9,0.0,92.0,0.3107841904895401,0.1371769383697813
gpqa_121,openclaw,PD,1,16.0,3596.0,0.2382733172457408,0.1370143149284253
gpqa_121,openclaw,reason,1,0.0,1396.0,0.2382733172457408,0.1370143149284253
gpqa_121,opencode,PD,2,22.0,2441.0,0.1859370792697768,0.4701670644391408
gpqa_121,opencode,reason,2,0.0,510.0,0.1859370792697768,0.4701670644391408
gpqa_121,zeroclaw,PD,7,2.2857142857142856,268.0,0.1872873590455613,0.13290113452188
gpqa_121,zeroclaw,reason,8,0.0,239.375,0.1872873590455613,0.13290113452188
gpqa_122,openclaw,PD,6,9.0,1157.5,0.3792946235393061,0.0595667870036101
gpqa_122,opencode,PD,3,12.666666666666666,2102.0,0.4117064734029937,0.4419291338582677
gpqa_122,opencode,reason,1,0.0,403.0,0.4117064734029937,0.4419291338582677
gpqa_122,zeroclaw,PD,7,5.714285714285714,758.2857142857143,0.4570392704243343,0.0943570767807585
gpqa_122,zeroclaw,reason,10,0.0,143.5,0.4570392704243343,0.0943570767807585
gpqa_123,openclaw,PD,1,114.0,5607.0,0.3501531737218936,0.0818181818181818
gpqa_123,openclaw,reason,1,0.0,1267.0,0.3501531737218936,0.0818181818181818
gpqa_123,opencode,PD,2,88.0,5048.0,0.4166245135052474,0.4876584389593062
gpqa_123,opencode,reason,2,0.0,446.0,0.4166245135052474,0.4876584389593062
gpqa_123,zeroclaw,PD,11,9.818181818181818,716.2727272727273,0.3704612019336319,0.11441647597254
gpqa_123,zeroclaw,reason,6,0.0,209.33333333333334,0.3704612019336319,0.11441647597254
gpqa_124,openclaw,SE,1,4.0,50781.0,0.0607184425229938,0.9082053203446984
gpqa_124,openclaw,reason,1,0.0,568.0,0.0607184425229938,0.9082053203446984
gpqa_124,opencode,PD,1,30.0,19398.0,0.1108839973761311,0.8036750483558994
gpqa_124,opencode,reason,1,0.0,568.0,0.1108839973761311,0.8036750483558994
gpqa_124,zeroclaw,IC,1,2.0,346.0,0.4684711131903838,0.1170292573143285
gpqa_124,zeroclaw,PD,1,12.0,4778.0,0.4684711131903838,0.1170292573143285
gpqa_124,zeroclaw,RR,1,3.0,213.0,0.4684711131903838,0.1170292573143285
gpqa_124,zeroclaw,reason,14,0.0,232.07142857142858,0.4684711131903838,0.1170292573143285
gpqa_125,openclaw,PD,2,1084.0,105804.0,0.0929080420829657,0.937991059333514
gpqa_125,opencode,PD,2,42.0,11378.5,0.2014201502718734,0.69700944386149
gpqa_125,zeroclaw,PD,1,4.0,600.0,0.0,0.0
gpqa_126,openclaw,PD,2,49.0,3801.5,0.2885125391697404,0.0925714285714285
gpqa_126,opencode,PD,3,51.333333333333336,3332.6666666666665,0.3445272227317263,0.4691671964399237
gpqa_126,opencode,reason,1,0.0,404.0,0.3445272227317263,0.4691671964399237
gpqa_126,zeroclaw,PD,6,20.333333333333332,1007.3333333333334,0.2319621584230633,0.141025641025641
gpqa_126,zeroclaw,RR,3,3.6666666666666665,96.66666666666667,0.2319621584230633,0.141025641025641
gpqa_126,zeroclaw,reason,8,0.0,68.25,0.2319621584230633,0.141025641025641
gpqa_127,openclaw,PD,1,516.0,71654.0,0.0320790958206604,0.9547345004352452
gpqa_127,openclaw,reason,1,0.0,210.0,0.0320790958206604,0.9547345004352452
gpqa_127,opencode,PD,1,184.0,23732.0,0.1255353691667632,0.8173436331921256
gpqa_127,opencode,reason,1,0.0,210.0,0.1255353691667632,0.8173436331921256
gpqa_127,zeroclaw,PD,7,6.571428571428571,687.2857142857143,0.4183034194720683,0.0922190201729106
gpqa_127,zeroclaw,RR,1,3.0,231.0,0.4183034194720683,0.0922190201729106
gpqa_127,zeroclaw,reason,9,0.0,119.11111111111111,0.4183034194720683,0.0922190201729106
gpqa_128,openclaw,SE,1,4.0,73058.0,0.1024630323635174,0.9415271324625232
gpqa_128,openclaw,reason,1,0.0,1347.0,0.1024630323635174,0.9415271324625232
gpqa_128,opencode,PD,3,40.666666666666664,6316.333333333333,0.4480003308351668,0.5436860068259386
gpqa_128,opencode,reason,40,0.0,384.5,0.4480003308351668,0.5436860068259386
gpqa_128,zeroclaw,PD,1,6.0,719.0,0.0,0.0227272727272727
gpqa_129,openclaw,PD,1,5.0,1719.0,0.0315024809251117,0.9864363221016562
gpqa_129,openclaw,UN,1,624.0,206365.0,0.0315024809251117,0.9864363221016562
gpqa_129,opencode,PD,3,19.0,5246.666666666667,0.4481238969650067,0.5352964905203711
gpqa_129,opencode,reason,1,0.0,404.0,0.4481238969650067,0.5352964905203711
gpqa_129,zeroclaw,PD,10,4.0,630.7,0.3607619847119104,0.1257383966244726
gpqa_129,zeroclaw,reason,7,0.0,125.57142857142857,0.3607619847119104,0.1257383966244726
gpqa_13,openclaw,IC,1,2.0,1460.0,0.1358175430789809,0.0878378378378378
gpqa_13,openclaw,PD,1,1.0,1008.0,0.1358175430789809,0.0878378378378378
gpqa_13,openclaw,reason,2,0.0,591.0,0.1358175430789809,0.0878378378378378
gpqa_13,opencode,PD,2,1.0,1299.5,0.1716718209932925,0.378657487091222
gpqa_13,opencode,reason,56,0.0,382.2857142857143,0.1716718209932925,0.378657487091222
gpqa_13,zeroclaw,PD,1,11.0,1411.0,0.13450701166307,0.0613636363636363
gpqa_13,zeroclaw,reason,16,0.0,83.4375,0.13450701166307,0.0613636363636363
gpqa_130,openclaw,PD,1,738.0,103461.0,0.0405779192541762,0.970252484555466
gpqa_130,openclaw,reason,1,0.0,989.0,0.0405779192541762,0.970252484555466
gpqa_130,opencode,PD,2,147.0,10893.5,0.1117876706438713,0.799819657348963
gpqa_130,zeroclaw,PD,9,6.444444444444445,705.4444444444445,0.3886643058172996,0.1468584405753217
gpqa_130,zeroclaw,RR,1,2.0,119.0,0.3886643058172996,0.1468584405753217
gpqa_130,zeroclaw,SE,1,4.0,437.0,0.3886643058172996,0.1468584405753217
gpqa_130,zeroclaw,UN,2,2.5,249.5,0.3886643058172996,0.1468584405753217
gpqa_130,zeroclaw,reason,4,0.0,250.25,0.3886643058172996,0.1468584405753217
gpqa_131,openclaw,PD,2,665.0,95888.0,0.0359357361012934,0.9616875793035388
gpqa_131,opencode,PD,3,28.666666666666668,4407.0,0.5332267463457825,0.4706405693950178
gpqa_131,opencode,reason,1,0.0,404.0,0.5332267463457825,0.4706405693950178
gpqa_131,zeroclaw,PD,6,18.0,2004.0,0.2588375351158454,0.1500865051903114
gpqa_131,zeroclaw,RR,1,3.0,406.0,0.2588375351158454,0.1500865051903114
gpqa_131,zeroclaw,UN,3,2.0,164.33333333333334,0.2588375351158454,0.1500865051903114
gpqa_131,zeroclaw,reason,7,0.0,152.14285714285714,0.2588375351158454,0.1500865051903114
gpqa_132,openclaw,PD,4,8.5,2125.25,0.1076837006662702,0.132858837485172
gpqa_132,openclaw,reason,6,0.0,73.5,0.1076837006662702,0.132858837485172
gpqa_132,opencode,PD,3,14.0,1968.6666666666667,0.3781336986112502,0.4716417910447761
gpqa_132,opencode,reason,1,0.0,403.0,0.3781336986112502,0.4716417910447761
gpqa_132,zeroclaw,PD,7,9.142857142857142,1084.142857142857,0.4695027424722576,0.1410437235543018
gpqa_132,zeroclaw,RR,2,2.5,99.0,0.4695027424722576,0.1410437235543018
gpqa_132,zeroclaw,reason,8,0.0,125.75,0.4695027424722576,0.1410437235543018
gpqa_133,openclaw,PD,2,49.0,3801.5,0.0,0.0925714285714285
gpqa_133,opencode,PD,3,28.0,3677.3333333333335,0.3715068143778974,0.4996982498491249
gpqa_133,opencode,reason,1,0.0,404.0,0.3715068143778974,0.4996982498491249
gpqa_133,zeroclaw,PD,12,4.5,439.5833333333333,0.3367042919710046,0.0993520518358531
gpqa_133,zeroclaw,reason,5,0.0,126.8,0.3367042919710046,0.0993520518358531
gpqa_134,openclaw,PD,1,908.0,163396.0,0.0245604860715078,0.977289558133794
gpqa_134,openclaw,reason,1,0.0,898.0,0.0245604860715078,0.977289558133794
gpqa_134,opencode,PD,1,244.0,19497.0,0.1091390592943378,0.7798672566371682
gpqa_134,opencode,reason,1,0.0,119.0,0.1091390592943378,0.7798672566371682
gpqa_134,zeroclaw,PD,10,3.8,406.0,0.304507487189845,0.0958627648839556
gpqa_134,zeroclaw,reason,7,0.0,167.28571428571428,0.304507487189845,0.0958627648839556
gpqa_135,openclaw,PD,1,22.0,223212.0,0.0313966461125399,0.980135081446166
gpqa_135,openclaw,reason,1,0.0,1217.0,0.0313966461125399,0.980135081446166
gpqa_135,opencode,PD,2,34.0,7063.0,0.4042960877533922,0.5620629370629371
gpqa_135,opencode,reason,2,0.0,421.0,0.4042960877533922,0.5620629370629371
gpqa_135,zeroclaw,PD,5,6.0,1368.4,0.3404259012925872,0.1724363161332462
gpqa_135,zeroclaw,reason,12,0.0,219.25,0.3404259012925872,0.1724363161332462
gpqa_136,openclaw,PD,1,910.0,198730.0,0.0585462372582014,0.9586894094038682
gpqa_136,openclaw,reason,1,0.0,1191.0,0.0585462372582014,0.9586894094038682
gpqa_136,opencode,PD,2,16.0,2971.0,0.2899925012953086,0.422037422037422
gpqa_136,opencode,reason,2,0.0,408.0,0.2899925012953086,0.422037422037422
gpqa_136,zeroclaw,PD,5,6.4,561.2,0.2952932612480285,0.0607287449392712
gpqa_136,zeroclaw,RR,1,3.0,47.0,0.2952932612480285,0.0607287449392712
gpqa_136,zeroclaw,reason,11,0.0,142.0909090909091,0.2952932612480285,0.0607287449392712
gpqa_137,openclaw,PD,2,14.0,3147.0,0.2569668850448994,0.1257035647279549
gpqa_137,opencode,PD,3,17.333333333333332,3795.0,0.3081104067212656,0.4824780976220275
gpqa_137,opencode,reason,1,0.0,404.0,0.3081104067212656,0.4824780976220275
gpqa_137,zeroclaw,PD,4,6.5,1012.5,0.2422417769288661,0.1155327342747111
gpqa_137,zeroclaw,RR,1,3.0,54.0,0.2422417769288661,0.1155327342747111
gpqa_137,zeroclaw,reason,12,0.0,95.33333333333333,0.2422417769288661,0.1155327342747111
gpqa_138,openclaw,PD,4,21.75,1558.75,0.2762824463470985,0.1219110378912685
gpqa_138,opencode,PD,3,33.333333333333336,2458.0,0.2681114115599287,0.4365808823529412
gpqa_138,opencode,reason,1,0.0,404.0,0.2681114115599287,0.4365808823529412
gpqa_138,zeroclaw,PD,9,6.0,394.1111111111111,0.262025832312574,0.0942334739803094
gpqa_138,zeroclaw,reason,8,0.0,104.125,0.262025832312574,0.0942334739803094
gpqa_139,openclaw,PD,2,719.0,84973.5,0.0329030993741842,0.9809941520467836
gpqa_139,opencode,PD,3,34.0,2584.6666666666665,0.3444618158595223,0.4352548036758563
gpqa_139,opencode,reason,1,0.0,404.0,0.3444618158595223,0.4352548036758563
gpqa_139,zeroclaw,PD,7,9.142857142857142,717.0,0.2821585324992298,0.1524390243902439
gpqa_139,zeroclaw,RR,3,2.6666666666666665,183.66666666666666,0.2821585324992298,0.1524390243902439
gpqa_139,zeroclaw,reason,7,0.0,179.14285714285714,0.2821585324992298,0.1524390243902439
gpqa_14,openclaw,IC,1,2.0,1460.0,0.0,0.0878378378378378
gpqa_14,openclaw,PD,1,1.0,1008.0,0.0,0.0878378378378378
gpqa_14,openclaw,reason,2,0.0,591.0,0.0,0.0878378378378378
gpqa_14,opencode,PD,4,12.5,1214.0,0.3689736905972957,0.4091456077015644
gpqa_14,opencode,reason,5,0.0,316.6,0.3689736905972957,0.4091456077015644
gpqa_14,zeroclaw,PD,10,8.0,552.3,0.3285731437986844,0.2077001013171226
gpqa_14,zeroclaw,RR,1,3.0,95.0,0.3285731437986844,0.2077001013171226
gpqa_14,zeroclaw,reason,6,0.0,66.0,0.3285731437986844,0.2077001013171226
gpqa_140,openclaw,PD,2,1251.0,112579.0,0.0284093677488198,0.9793083628700068
gpqa_140,opencode,PD,3,22.666666666666668,4542.0,0.4116123954718301,0.5007541478129713
gpqa_140,opencode,reason,1,0.0,404.0,0.4116123954718301,0.5007541478129713
gpqa_140,zeroclaw,PD,5,8.4,2179.6,0.254272096513924,0.2143595041322314
gpqa_140,zeroclaw,RR,1,2.0,251.0,0.254272096513924,0.2143595041322314
gpqa_140,zeroclaw,UN,1,2.0,278.0,0.254272096513924,0.2143595041322314
gpqa_140,zeroclaw,reason,10,0.0,152.8,0.254272096513924,0.2143595041322314
gpqa_141,openclaw,PD,6,11.166666666666666,1060.8333333333333,0.3213225498577078,0.1203319502074688
gpqa_141,opencode,PD,4,7.5,755.5,0.3206128559347195,0.3723776223776224
gpqa_141,opencode,reason,17,0.0,364.29411764705884,0.3206128559347195,0.3723776223776224
gpqa_141,zeroclaw,PD,10,3.4,319.4,0.3134301775631763,0.0503597122302158
gpqa_141,zeroclaw,reason,7,0.0,117.14285714285714,0.3134301775631763,0.0503597122302158
gpqa_142,openclaw,PD,1,34.0,9477.0,0.3359328634008529,0.1166101694915254
gpqa_142,openclaw,reason,1,0.0,1620.0,0.3359328634008529,0.1166101694915254
gpqa_142,opencode,PD,1,362.0,86097.0,0.0452750193583917,0.9263248938512344
gpqa_142,opencode,reason,1,0.0,841.0,0.0452750193583917,0.9263248938512344
gpqa_142,zeroclaw,reason,1,0.0,841.0,0.0,0.0613026819923371
gpqa_143,openclaw,PD,2,708.0,98363.0,0.0429994380782354,0.987688404715714
gpqa_143,opencode,PD,3,34.0,2647.6666666666665,0.3901871823212723,0.500406834825061
gpqa_143,opencode,reason,1,0.0,404.0,0.3901871823212723,0.500406834825061
gpqa_143,zeroclaw,PD,9,2.6666666666666665,145.88888888888889,0.3205229879977139,0.0195599022004889
gpqa_143,zeroclaw,RR,1,2.0,89.0,0.3205229879977139,0.0195599022004889
gpqa_143,zeroclaw,reason,3,0.0,191.66666666666666,0.3205229879977139,0.0195599022004889
gpqa_144,openclaw,PD,2,22.0,2920.0,0.282814263493689,0.0538302277432712
gpqa_144,opencode,PD,3,16.666666666666668,2780.3333333333335,0.3080350072606396,0.424190800681431
gpqa_144,opencode,reason,1,0.0,404.0,0.3080350072606396,0.424190800681431
gpqa_144,zeroclaw,PD,7,6.857142857142857,572.8571428571429,0.2833816560492996,0.033452807646356
gpqa_144,zeroclaw,UN,1,2.0,467.0,0.2833816560492996,0.033452807646356
gpqa_144,zeroclaw,reason,9,0.0,146.55555555555554,0.2833816560492996,0.033452807646356
gpqa_145,openclaw,PD,1,26.0,5281.0,0.3706586279532826,0.0700729927007299
gpqa_145,openclaw,reason,1,0.0,1470.0,0.3706586279532826,0.0700729927007299
gpqa_145,opencode,PD,2,10.0,3645.0,0.3077462293200296,0.4354838709677419
gpqa_145,opencode,reason,2,0.0,547.5,0.3077462293200296,0.4354838709677419
gpqa_145,zeroclaw,PD,6,8.333333333333334,1117.0,0.3906120893405516,0.0642479213907785
gpqa_145,zeroclaw,RR,1,3.0,204.0,0.3906120893405516,0.0642479213907785
gpqa_145,zeroclaw,reason,10,0.0,176.2,0.3906120893405516,0.0642479213907785
gpqa_146,openclaw,PD,2,35.0,2779.0,0.2364041993760214,0.1724137931034483
gpqa_146,opencode,PD,4,30.5,2096.75,0.2752099333640827,0.4783904619970194
gpqa_146,opencode,reason,15,0.0,361.6666666666667,0.2752099333640827,0.4783904619970194
gpqa_146,zeroclaw,PD,14,8.285714285714286,426.64285714285717,0.3119280700168798,0.091091091091091
gpqa_146,zeroclaw,reason,3,0.0,66.0,0.3119280700168798,0.091091091091091
gpqa_147,openclaw,IC,3,9.0,1203.3333333333333,0.1480875318864538,0.1599229287090559
gpqa_147,openclaw,PD,1,17.0,2077.0,0.1480875318864538,0.1599229287090559
gpqa_147,openclaw,reason,2,0.0,90.5,0.1480875318864538,0.1599229287090559
gpqa_147,opencode,IC,4,9.5,1170.0,0.2310902578456647,0.4304123711340206
gpqa_147,opencode,reason,3,0.0,272.3333333333333,0.2310902578456647,0.4304123711340206
gpqa_147,zeroclaw,IC,3,4.0,206.0,0.1375513938465166,0.1035031847133758
gpqa_147,zeroclaw,PD,3,4.666666666666667,666.3333333333334,0.1375513938465166,0.1035031847133758
gpqa_147,zeroclaw,reason,11,0.0,117.54545454545455,0.1375513938465166,0.1035031847133758
gpqa_148,openclaw,PD,3,7.333333333333333,1751.0,0.2038387308474667,0.0943820224719101
gpqa_148,openclaw,reason,1,0.0,296.0,0.2038387308474667,0.0943820224719101
gpqa_148,opencode,PD,3,4.0,1172.0,0.1620460969260189,0.3123076923076923
gpqa_148,opencode,reason,4,0.0,262.5,0.1620460969260189,0.3123076923076923
gpqa_148,zeroclaw,PD,4,7.0,803.25,0.1698379292778672,0.0726552179656539
gpqa_148,zeroclaw,reason,13,0.0,89.23076923076923,0.1698379292778672,0.0726552179656539
gpqa_149,openclaw,PD,2,1.5,1476.5,0.1863423231861906,0.1017316017316017
gpqa_149,openclaw,reason,2,0.0,656.0,0.1863423231861906,0.1017316017316017
gpqa_149,opencode,UN,2,8.0,4905.5,0.3247116490984351,0.5683807439824945
gpqa_149,opencode,reason,5,0.0,357.2,0.3247116490984351,0.5683807439824945
gpqa_149,zeroclaw,PD,1,2.0,198.0,0.2643203496763885,0.2580181905217807
gpqa_149,zeroclaw,UN,1,12.0,10232.0,0.2643203496763885,0.2580181905217807
gpqa_149,zeroclaw,reason,15,0.0,153.06666666666666,0.2643203496763885,0.2580181905217807
gpqa_15,openclaw,PD,2,17.5,2759.5,0.375327060097909,0.0564102564102564
gpqa_15,opencode,PD,3,21.0,3088.6666666666665,0.5280482507891977,0.4462257849031396
gpqa_15,opencode,reason,4,0.0,389.0,0.5280482507891977,0.4462257849031396
gpqa_15,zeroclaw,PD,5,8.2,1466.4,0.4763949160090885,0.1615811373092926
gpqa_15,zeroclaw,reason,12,0.0,113.16666666666667,0.4763949160090885,0.1615811373092926
gpqa_150,openclaw,PD,1,2.0,2033.0,0.0643207393217776,0.1575037147102526
gpqa_150,openclaw,RR,1,2.0,754.0,0.0643207393217776,0.1575037147102526
gpqa_150,openclaw,UN,1,2.0,107.0,0.0643207393217776,0.1575037147102526
gpqa_150,openclaw,reason,11,0.0,471.0,0.0643207393217776,0.1575037147102526
gpqa_150,opencode,IC,1,2.0,519.0,0.223774611713737,0.2937771345875543
gpqa_150,opencode,PD,1,2.0,476.0,0.223774611713737,0.2937771345875543
gpqa_150,opencode,RR,2,3.0,615.0,0.223774611713737,0.2937771345875543
gpqa_150,opencode,reason,15,0.0,239.0,0.223774611713737,0.2937771345875543
gpqa_150,zeroclaw,IC,1,2.0,5273.0,0.2039190445609213,0.3222565687789799
gpqa_150,zeroclaw,PD,1,1.0,64.0,0.2039190445609213,0.3222565687789799
gpqa_150,zeroclaw,RR,1,2.0,42.0,0.2039190445609213,0.3222565687789799
gpqa_150,zeroclaw,reason,14,0.0,119.85714285714286,0.2039190445609213,0.3222565687789799
gpqa_151,openclaw,PD,3,6.333333333333333,1292.3333333333333,0.1908739946274325,0.075208913649025
gpqa_151,openclaw,reason,1,0.0,14.0,0.1908739946274325,0.075208913649025
gpqa_151,opencode,PD,4,6.0,847.75,0.1753434864073509,0.3597883597883597
gpqa_151,opencode,reason,3,0.0,272.0,0.1753434864073509,0.3597883597883597
gpqa_151,zeroclaw,PD,4,3.5,482.0,0.145398472186048,0.0695652173913043
gpqa_151,zeroclaw,reason,13,0.0,48.38461538461539,0.145398472186048,0.0695652173913043
gpqa_152,openclaw,reason,4,0.0,1062.5,0.1745796960334705,0.2111111111111111
gpqa_152,opencode,RR,2,5.0,1571.5,0.2040367342688069,0.4144645340751043
gpqa_152,opencode,reason,5,0.0,381.8,0.2040367342688069,0.4144645340751043
gpqa_152,zeroclaw,IC,1,4.0,1188.0,0.1184868849989874,0.1330724070450097
gpqa_152,zeroclaw,PD,1,1.0,90.0,0.1184868849989874,0.1330724070450097
gpqa_152,zeroclaw,reason,15,0.0,115.93333333333334,0.1184868849989874,0.1330724070450097
gpqa_153,openclaw,PD,1,11.0,4203.0,0.3574778949797195,0.1185840707964601
gpqa_153,openclaw,reason,1,0.0,1280.0,0.3574778949797195,0.1185840707964601
gpqa_153,opencode,PD,2,2.0,2812.5,0.361914016838017,0.4667258207630878
gpqa_153,opencode,reason,6,0.0,394.5,0.361914016838017,0.4667258207630878
gpqa_153,zeroclaw,PD,1,2.0,2464.0,0.3329964285834976,0.1046077210460772
gpqa_153,zeroclaw,reason,16,0.0,142.625,0.3329964285834976,0.1046077210460772
gpqa_154,openclaw,PD,1,2.0,1740.0,0.2188113682905435,0.0495689655172413
gpqa_154,openclaw,RR,1,3.0,1643.0,0.2188113682905435,0.0495689655172413
gpqa_154,openclaw,reason,4,0.0,382.25,0.2188113682905435,0.0495689655172413
gpqa_154,opencode,PD,2,1.0,2041.0,0.2159593758251171,0.426270136307311
gpqa_154,opencode,reason,5,0.0,358.6,0.2159593758251171,0.426270136307311
gpqa_154,zeroclaw,PD,1,1.0,56.0,0.1280973611339004,0.1107913669064748
gpqa_154,zeroclaw,RR,1,3.0,3982.0,0.1280973611339004,0.1107913669064748
gpqa_154,zeroclaw,reason,15,0.0,87.93333333333334,0.1280973611339004,0.1107913669064748
gpqa_155,openclaw,PD,3,36.333333333333336,2122.0,0.2393664475520428,0.1497919556171983
gpqa_155,openclaw,reason,1,0.0,18.0,0.2393664475520428,0.1497919556171983
gpqa_155,opencode,PD,4,5.5,1294.5,0.2546022071737514,0.4096385542168674
gpqa_155,opencode,reason,3,0.0,272.0,0.2546022071737514,0.4096385542168674
gpqa_155,zeroclaw,PD,10,9.6,649.4,0.3220792389617198,0.0775716694772344
gpqa_155,zeroclaw,reason,7,0.0,67.14285714285714,0.3220792389617198,0.0775716694772344
gpqa_156,openclaw,PD,2,5.5,1596.5,0.219376594263719,0.0769230769230769
gpqa_156,openclaw,reason,2,0.0,821.5,0.219376594263719,0.0769230769230769
gpqa_156,opencode,PD,2,2.0,2202.5,0.2516141768531452,0.4068891280947255
gpqa_156,opencode,reason,5,0.0,463.2,0.2516141768531452,0.4068891280947255
gpqa_156,zeroclaw,PD,2,8.5,1597.0,0.145878029770922,0.1542792792792792
gpqa_156,zeroclaw,reason,15,0.0,171.6,0.145878029770922,0.1542792792792792
gpqa_157,openclaw,PD,4,3.5,858.5,0.2739558621913225,0.1200923787528868
gpqa_157,openclaw,reason,2,0.0,564.5,0.2739558621913225,0.1200923787528868
gpqa_157,opencode,PD,2,4.0,1267.5,0.2549596054936764,0.4193548387096774
gpqa_157,opencode,reason,8,0.0,305.625,0.2549596054936764,0.4193548387096774
gpqa_157,zeroclaw,PD,2,13.0,416.0,0.1875536320122086,0.1745098039215686
gpqa_157,zeroclaw,reason,15,0.0,95.8,0.1875536320122086,0.1745098039215686
gpqa_158,openclaw,IC,1,11.0,2566.0,0.2566572117075992,0.0923623445825932
gpqa_158,openclaw,reason,3,0.0,1054.6666666666667,0.2566572117075992,0.0923623445825932
gpqa_158,opencode,IC,2,4.0,2289.0,0.3072765122881584,0.4247787610619469
gpqa_158,opencode,reason,5,0.0,399.8,0.3072765122881584,0.4247787610619469
gpqa_158,zeroclaw,RR,2,3.5,3728.0,0.2775688748636155,0.1425438596491228
gpqa_158,zeroclaw,reason,15,0.0,109.33333333333333,0.2775688748636155,0.1425438596491228
gpqa_159,openclaw,PD,1,45.0,3413.0,0.1000199892968353,0.1321499013806706
gpqa_159,openclaw,reason,1,0.0,1371.0,0.1000199892968353,0.1321499013806706
gpqa_159,opencode,PD,2,17.0,2431.0,0.191477834241471,0.4427558257345491
gpqa_159,opencode,reason,2,0.0,497.5,0.191477834241471,0.4427558257345491
gpqa_159,zeroclaw,PD,3,12.0,470.3333333333333,0.1838946423669987,0.0796178343949044
gpqa_159,zeroclaw,reason,14,0.0,133.92857142857142,0.1838946423669987,0.0796178343949044
gpqa_16,openclaw,IC,1,3.0,3664.0,0.352377523785651,0.037109375
gpqa_16,openclaw,reason,1,0.0,1196.0,0.352377523785651,0.037109375
gpqa_16,opencode,IC,2,3.0,4290.0,0.3636392553508691,0.4938356164383561
gpqa_16,opencode,reason,2,0.0,410.5,0.3636392553508691,0.4938356164383561
gpqa_16,zeroclaw,IC,1,2.0,202.0,0.3559234941377925,0.0652173913043478
gpqa_16,zeroclaw,reason,16,0.0,188.125,0.3559234941377925,0.0652173913043478
gpqa_160,openclaw,PD,2,212.0,38734.5,0.0101731203590696,0.9556998917478556
gpqa_160,opencode,PD,1,3.0,578.0,0.0,0.0
gpqa_160,opencode,reason,3,0.0,659.0,0.0,0.0
gpqa_160,zeroclaw,PD,5,5.6,559.8,0.1188664372378086,0.0667678300455235
gpqa_160,zeroclaw,reason,12,0.0,77.75,0.1188664372378086,0.0667678300455235
gpqa_161,openclaw,IC,1,2.0,1634.0,0.2794556137110305,0.0798722044728434
gpqa_161,openclaw,PD,1,3.0,2735.0,0.2794556137110305,0.0798722044728434
gpqa_161,openclaw,reason,2,0.0,806.0,0.2794556137110305,0.0798722044728434
gpqa_161,opencode,PD,2,2.0,2212.0,0.2471089319188951,0.3981264637002342
gpqa_161,opencode,reason,5,0.0,308.4,0.2471089319188951,0.3981264637002342
gpqa_161,zeroclaw,PD,3,3.0,1203.3333333333333,0.2836433693802266,0.106290672451193
gpqa_161,zeroclaw,UN,1,2.0,112.0,0.2836433693802266,0.106290672451193
gpqa_161,zeroclaw,reason,13,0.0,154.92307692307693,0.2836433693802266,0.106290672451193
gpqa_162,openclaw,PD,1,324.0,102341.0,0.028389973993731,0.94703276047261
gpqa_162,openclaw,reason,1,0.0,1118.0,0.028389973993731,0.94703276047261
gpqa_162,opencode,PD,1,3.0,2573.0,0.3950824139829114,0.5346102150537635
gpqa_162,opencode,RR,3,11.333333333333334,5060.666666666667,0.3950824139829114,0.5346102150537635
gpqa_162,opencode,UN,1,6.0,1338.0,0.3950824139829114,0.5346102150537635
gpqa_162,opencode,reason,8,0.0,248.0,0.3950824139829114,0.5346102150537635
gpqa_162,zeroclaw,reason,17,0.0,257.47058823529414,0.207380663830699,0.0697368421052631
gpqa_163,openclaw,PD,2,14.0,1075.0,0.1651265921190318,0.1661538461538461
gpqa_163,openclaw,reason,6,0.0,286.0,0.1651265921190318,0.1661538461538461
gpqa_163,opencode,PD,2,8.0,693.5,0.1849754829942425,0.2926208651399491
gpqa_163,opencode,reason,5,0.0,263.6,0.1849754829942425,0.2926208651399491
gpqa_163,zeroclaw,PD,6,5.333333333333333,631.0,0.0812565257698349,0.1815431164901664
gpqa_163,zeroclaw,reason,11,0.0,107.0,0.0812565257698349,0.1815431164901664
gpqa_164,openclaw,reason,4,0.0,1184.75,0.1087728762842964,0.2741935483870967
gpqa_164,opencode,RR,2,3.0,1770.0,0.0949221427768119,0.5169606512890095
gpqa_164,opencode,reason,5,0.0,332.0,0.0949221427768119,0.5169606512890095
gpqa_164,zeroclaw,RR,1,2.0,1292.0,0.1066041140393216,0.2184115523465704
gpqa_164,zeroclaw,reason,16,0.0,103.625,0.1066041140393216,0.2184115523465704
gpqa_165,openclaw,PD,2,42.5,1370.0,0.0,0.1133501259445843
gpqa_165,opencode,PD,3,53.666666666666664,1840.3333333333333,0.1206225134245646,0.4913294797687861
gpqa_165,opencode,reason,1,0.0,404.0,0.1206225134245646,0.4913294797687861
gpqa_165,zeroclaw,PD,8,9.375,373.5,0.1807790456402039,0.0913461538461538
gpqa_165,zeroclaw,reason,9,0.0,54.111111111111114,0.1807790456402039,0.0913461538461538
gpqa_166,openclaw,PD,1,37.0,1992.0,0.0,0.1307420494699646
gpqa_166,openclaw,reason,1,0.0,387.0,0.0,0.1307420494699646
gpqa_166,opencode,PD,2,1.0,1130.5,0.1228921140364728,0.297423887587822
gpqa_166,opencode,reason,8,0.0,242.625,0.1228921140364728,0.297423887587822
gpqa_166,zeroclaw,PD,9,3.3333333333333335,214.66666666666666,0.0965062592434517,0.1019522776572668
gpqa_166,zeroclaw,reason,8,0.0,130.625,0.0965062592434517,0.1019522776572668
gpqa_167,openclaw,PD,1,25.0,2181.0,0.1424039847201738,0.1304347826086956
gpqa_167,openclaw,reason,5,0.0,118.0,0.1424039847201738,0.1304347826086956
gpqa_167,opencode,PD,4,11.25,1989.25,0.1302126213382293,0.5081481481481481
gpqa_167,opencode,reason,9,0.0,207.33333333333334,0.1302126213382293,0.5081481481481481
gpqa_167,zeroclaw,PD,7,6.142857142857143,731.8571428571429,0.120865671448552,0.2995215311004784
gpqa_167,zeroclaw,reason,10,0.0,120.0,0.120865671448552,0.2995215311004784
gpqa_168,openclaw,PD,3,14.333333333333334,1439.0,0.1171747424937498,0.1567460317460317
gpqa_168,openclaw,RR,1,2.0,63.0,0.1171747424937498,0.1567460317460317
gpqa_168,openclaw,reason,4,0.0,183.5,0.1171747424937498,0.1567460317460317
gpqa_168,opencode,PD,2,1.5,806.0,0.1463619308710056,0.4183937823834197
gpqa_168,opencode,RR,2,2.0,961.0,0.1463619308710056,0.4183937823834197
gpqa_168,opencode,reason,9,0.0,232.33333333333334,0.1463619308710056,0.4183937823834197
gpqa_168,zeroclaw,PD,6,11.5,322.3333333333333,0.0876743799207254,0.1282952548330404
gpqa_168,zeroclaw,reason,11,0.0,87.27272727272727,0.0876743799207254,0.1282952548330404
gpqa_169,openclaw,IC,1,5.0,4434.0,0.3788855937735867,0.1744749596122778
gpqa_169,openclaw,PD,1,1.0,1393.0,0.3788855937735867,0.1744749596122778
gpqa_169,opencode,PD,3,2.3333333333333335,2376.6666666666665,0.3151041338922,0.5135608048993876
gpqa_169,opencode,reason,1,0.0,403.0,0.3151041338922,0.5135608048993876
gpqa_169,zeroclaw,IC,3,1.6666666666666667,837.0,0.3051926658887239,0.2847985347985348
gpqa_169,zeroclaw,PD,3,1.6666666666666667,507.6666666666667,0.3051926658887239,0.2847985347985348
gpqa_169,zeroclaw,reason,11,0.0,246.8181818181818,0.3051926658887239,0.2847985347985348
gpqa_17,openclaw,PD,2,19.5,1485.0,0.1625081724065001,0.0824295010845987
gpqa_17,openclaw,RR,1,3.0,404.0,0.1625081724065001,0.0824295010845987
gpqa_17,openclaw,reason,3,0.0,481.0,0.1625081724065001,0.0824295010845987
gpqa_17,opencode,IC,1,2.0,813.0,0.2015134639569289,0.4424778761061947
gpqa_17,opencode,PD,2,32.0,2299.0,0.2015134639569289,0.4424778761061947
gpqa_17,opencode,RR,1,11.0,819.0,0.2015134639569289,0.4424778761061947
gpqa_17,opencode,reason,52,0.0,366.11538461538464,0.2015134639569289,0.4424778761061947
gpqa_17,zeroclaw,PD,5,4.8,266.8,0.0915635840043152,0.0574257425742574
gpqa_17,zeroclaw,reason,12,0.0,106.41666666666667,0.0915635840043152,0.0574257425742574
gpqa_170,openclaw,PD,3,9.0,1144.3333333333333,0.1278377672364255,0.197841726618705
gpqa_170,openclaw,reason,1,0.0,212.0,0.1278377672364255,0.197841726618705
gpqa_170,opencode,PD,4,8.0,833.75,0.1360292033014993,0.3500810372771475
gpqa_170,opencode,reason,3,0.0,272.0,0.1360292033014993,0.3500810372771475
gpqa_170,zeroclaw,PD,7,4.571428571428571,339.42857142857144,0.1253560983928212,0.1492281303602058
gpqa_170,zeroclaw,reason,10,0.0,62.9,0.1253560983928212,0.1492281303602058
gpqa_171,openclaw,PD,1,2.0,1740.0,0.0,0.0495689655172413
gpqa_171,openclaw,RR,1,3.0,1643.0,0.0,0.0495689655172413
gpqa_171,openclaw,reason,4,0.0,382.25,0.0,0.0495689655172413
gpqa_171,opencode,UN,3,14.666666666666666,4450.0,0.2727197152407206,0.5725671140939598
gpqa_171,opencode,reason,7,0.0,231.71428571428572,0.2727197152407206,0.5725671140939598
gpqa_171,zeroclaw,PD,2,1.5,156.5,0.196774345598591,0.2240161453077699
gpqa_171,zeroclaw,UN,3,3.3333333333333335,1374.0,0.196774345598591,0.2240161453077699
gpqa_171,zeroclaw,reason,12,0.0,108.16666666666667,0.196774345598591,0.2240161453077699
gpqa_172,openclaw,IC,1,5.0,4434.0,0.1102392044772807,0.1744749596122778
gpqa_172,openclaw,PD,1,1.0,1393.0,0.1102392044772807,0.1744749596122778
gpqa_172,opencode,IC,2,7.0,2859.0,0.2585408995666599,0.5038314176245211
gpqa_172,opencode,PD,2,5.5,2049.0,0.2585408995666599,0.5038314176245211
gpqa_172,opencode,reason,19,0.0,329.57894736842104,0.2585408995666599,0.5038314176245211
gpqa_172,zeroclaw,PD,2,5.0,341.5,0.2248918401415978,0.1389766266582438
gpqa_172,zeroclaw,RR,1,12.0,8635.0,0.2248918401415978,0.1389766266582438
gpqa_172,zeroclaw,reason,14,0.0,98.92857142857143,0.2248918401415978,0.1389766266582438
gpqa_173,openclaw,PD,3,9.0,1144.3333333333333,0.0841590140264,0.197841726618705
gpqa_173,openclaw,reason,1,0.0,212.0,0.0841590140264,0.197841726618705
gpqa_173,opencode,reason,4,0.0,588.75,0.0,0.0
gpqa_173,zeroclaw,PD,4,1.5,92.75,0.1652392047622813,0.335400974745237
gpqa_173,zeroclaw,UN,1,82.0,12042.0,0.1652392047622813,0.335400974745237
gpqa_173,zeroclaw,reason,12,0.0,96.5,0.1652392047622813,0.335400974745237
gpqa_174,openclaw,PD,3,3.6666666666666665,2818.6666666666665,0.1124018896118856,0.1168032786885246
gpqa_174,openclaw,reason,3,0.0,252.66666666666666,0.1124018896118856,0.1168032786885246
gpqa_174,opencode,PD,1,1.0,566.0,0.2728663802909684,0.4571607254534083
gpqa_174,opencode,RR,2,3.0,4303.5,0.2728663802909684,0.4571607254534083
gpqa_174,opencode,reason,13,0.0,279.46153846153845,0.2728663802909684,0.4571607254534083
gpqa_174,zeroclaw,PD,3,1.3333333333333333,284.6666666666667,0.2001775114536882,0.1128074639525021
gpqa_174,zeroclaw,UN,1,5.0,5734.0,0.2001775114536882,0.1128074639525021
gpqa_174,zeroclaw,reason,13,0.0,69.3076923076923,0.2001775114536882,0.1128074639525021
gpqa_175,openclaw,PD,2,5.5,1693.5,0.047686392243662,0.192170818505338
gpqa_175,openclaw,SE,1,4.0,1976.0,0.047686392243662,0.192170818505338
gpqa_175,openclaw,reason,3,0.0,253.66666666666666,0.047686392243662,0.192170818505338
gpqa_175,opencode,IC,1,2.0,1007.0,0.1667659386914408,0.4134419551934827
gpqa_175,opencode,PD,3,5.333333333333333,1502.3333333333333,0.1667659386914408,0.4134419551934827
gpqa_175,opencode,reason,12,0.0,184.16666666666666,0.1667659386914408,0.4134419551934827
gpqa_175,zeroclaw,PD,4,5.0,900.25,0.1435198093982002,0.1409796893667861
gpqa_175,zeroclaw,reason,13,0.0,112.07692307692308,0.1435198093982002,0.1409796893667861
gpqa_176,openclaw,PD,1,18.0,3751.0,0.3563425983624981,0.0642201834862385
gpqa_176,openclaw,reason,1,0.0,437.0,0.3563425983624981,0.0642201834862385
gpqa_176,opencode,PD,2,8.0,1884.0,0.2707957161253352,0.4004424778761062
gpqa_176,opencode,reason,8,0.0,279.625,0.2707957161253352,0.4004424778761062
gpqa_176,zeroclaw,PD,5,2.6,473.0,0.2160967131555065,0.078697421981004
gpqa_176,zeroclaw,RR,1,3.0,124.0,0.2160967131555065,0.078697421981004
gpqa_176,zeroclaw,reason,11,0.0,133.1818181818182,0.2160967131555065,0.078697421981004
gpqa_177,openclaw,PD,2,3.5,715.0,0.0,0.1125541125541125
gpqa_177,opencode,PD,3,5.666666666666667,1076.6666666666667,0.2561953134075481,0.4030037546933667
gpqa_177,opencode,RR,1,2.0,1085.0,0.2561953134075481,0.4030037546933667
gpqa_177,opencode,reason,6,0.0,210.5,0.2561953134075481,0.4030037546933667
gpqa_177,zeroclaw,IC,1,8.0,630.0,0.1182883837498839,0.0491493383742911
gpqa_177,zeroclaw,PD,2,3.0,376.0,0.1182883837498839,0.0491493383742911
gpqa_177,zeroclaw,reason,14,0.0,99.35714285714286,0.1182883837498839,0.0491493383742911
gpqa_178,openclaw,PD,2,13.0,3794.0,0.1714360946762902,0.2142011834319526
gpqa_178,opencode,PD,3,8.0,2716.6666666666665,0.1433815375290116,0.541299117882919
gpqa_178,opencode,reason,1,0.0,404.0,0.1433815375290116,0.541299117882919
gpqa_178,zeroclaw,IC,1,2.0,149.0,0.1482013627514603,0.1939120631341601
gpqa_178,zeroclaw,PD,2,7.5,2236.5,0.1482013627514603,0.1939120631341601
gpqa_178,zeroclaw,reason,14,0.0,65.57142857142857,0.1482013627514603,0.1939120631341601
gpqa_179,openclaw,RR,1,2.0,2500.0,0.2394297879202122,0.0609480812641083
gpqa_179,openclaw,reason,5,0.0,692.6,0.2394297879202122,0.0609480812641083
gpqa_179,opencode,RR,2,2.0,2119.5,0.1916193127942508,0.4052697616060225
gpqa_179,opencode,reason,8,0.0,276.25,0.1916193127942508,0.4052697616060225
gpqa_179,zeroclaw,PD,2,1.0,1063.0,0.128056594463246,0.0466531440162271
gpqa_179,zeroclaw,RR,1,2.0,51.0,0.128056594463246,0.0466531440162271
gpqa_179,zeroclaw,reason,14,0.0,106.0,0.128056594463246,0.0466531440162271
gpqa_18,openclaw,PD,2,857.5,64339.5,0.0372142835227099,0.9774617971561744
gpqa_18,opencode,PD,2,65.5,7862.5,0.2998817374511033,0.2337257617728531
gpqa_18,zeroclaw,PD,4,4.5,198.25,0.5595436754941518,0.0697445972495088
gpqa_18,zeroclaw,RR,2,2.5,169.0,0.5595436754941518,0.0697445972495088
gpqa_18,zeroclaw,UN,3,6.666666666666667,1124.0,0.5595436754941518,0.0697445972495088
gpqa_18,zeroclaw,reason,8,0.0,91.125,0.5595436754941518,0.0697445972495088
gpqa_180,openclaw,PD,3,16.333333333333332,1548.3333333333333,0.1265123593014251,0.1839080459770115
gpqa_180,openclaw,reason,1,0.0,528.0,0.1265123593014251,0.1839080459770115
gpqa_180,opencode,PD,3,15.0,1667.6666666666667,0.1285288334908465,0.4301606922126081
gpqa_180,opencode,reason,1,0.0,403.0,0.1285288334908465,0.4301606922126081
gpqa_180,zeroclaw,PD,13,4.0,268.6923076923077,0.0999046679349987,0.1343511450381679
gpqa_180,zeroclaw,reason,4,0.0,63.75,0.0999046679349987,0.1343511450381679
gpqa_181,openclaw,PD,2,17.5,1955.0,0.1366620410482047,0.2415458937198067
gpqa_181,opencode,PD,1,2.0,254.0,0.0,0.019108280254777
gpqa_181,zeroclaw,IC,1,2.0,25.0,0.0934673961898033,0.2653846153846154
gpqa_181,zeroclaw,PD,8,3.25,252.5,0.0934673961898033,0.2653846153846154
gpqa_181,zeroclaw,reason,8,0.0,123.75,0.0934673961898033,0.2653846153846154
gpqa_182,openclaw,PD,1,2.0,935.0,0.1705294147275123,0.0698529411764705
gpqa_182,openclaw,reason,7,0.0,511.42857142857144,0.1705294147275123,0.0698529411764705
gpqa_182,opencode,PD,2,1.0,1173.0,0.1942550491613751,0.3344709897610921
gpqa_182,opencode,reason,53,0.0,364.2641509433962,0.1942550491613751,0.3344709897610921
gpqa_182,zeroclaw,IC,1,2.0,39.0,0.112877479254641,0.02088772845953
gpqa_182,zeroclaw,PD,1,1.0,64.0,0.112877479254641,0.02088772845953
gpqa_182,zeroclaw,reason,15,0.0,126.13333333333334,0.112877479254641,0.02088772845953
gpqa_183,openclaw,PD,2,10.0,1816.5,0.114190274422805,0.2234273318872017
gpqa_183,openclaw,reason,4,0.0,633.0,0.114190274422805,0.2234273318872017
gpqa_183,opencode,PD,3,8.0,725.3333333333334,0.1292592130519698,0.3293918918918919
gpqa_183,opencode,reason,42,0.0,377.35714285714283,0.1292592130519698,0.3293918918918919
gpqa_183,zeroclaw,PD,4,1.75,511.25,0.1160566750144088,0.1809116809116809
gpqa_183,zeroclaw,reason,13,0.0,193.15384615384616,0.1160566750144088,0.1809116809116809
gpqa_184,openclaw,IC,1,2.0,1516.0,0.2155645887886313,0.0958549222797927
gpqa_184,openclaw,PD,2,4.5,1193.0,0.2155645887886313,0.0958549222797927
gpqa_184,openclaw,reason,7,0.0,172.42857142857142,0.2155645887886313,0.0958549222797927
gpqa_184,opencode,PD,3,4.333333333333333,1396.6666666666667,0.2220617324845669,0.4053738317757009
gpqa_184,opencode,reason,7,0.0,296.57142857142856,0.2220617324845669,0.4053738317757009
gpqa_184,zeroclaw,PD,9,2.5555555555555554,554.1111111111111,0.1663967433638816,0.0593849416755037
gpqa_184,zeroclaw,reason,8,0.0,121.125,0.1663967433638816,0.0593849416755037
gpqa_185,openclaw,RR,1,29.0,14377.0,0.3617763806654615,0.1673151750972762
gpqa_185,openclaw,reason,1,0.0,1585.0,0.3617763806654615,0.1673151750972762
gpqa_185,opencode,RR,2,8.0,6302.0,0.5158303026405865,0.5190434012400355
gpqa_185,opencode,reason,2,0.0,605.0,0.5158303026405865,0.5190434012400355
gpqa_185,zeroclaw,RR,2,2.5,1575.5,0.3965280916289423,0.1814119749776586
gpqa_185,zeroclaw,reason,15,0.0,204.13333333333333,0.3965280916289423,0.1814119749776586
gpqa_186,openclaw,PD,2,20.5,1468.5,0.1068570043419641,0.2628865979381443
gpqa_186,openclaw,reason,4,0.0,371.75,0.1068570043419641,0.2628865979381443
gpqa_186,opencode,PD,1,2.0,566.0,0.1894520426479855,0.3088552915766738
gpqa_186,opencode,RR,2,2.0,601.5,0.1894520426479855,0.3088552915766738
gpqa_186,opencode,reason,24,0.0,325.375,0.1894520426479855,0.3088552915766738
gpqa_186,zeroclaw,IC,1,2.0,40.0,0.1404846951565034,0.0903614457831325
gpqa_186,zeroclaw,PD,2,1.0,153.0,0.1404846951565034,0.0903614457831325
gpqa_186,zeroclaw,reason,14,0.0,107.35714285714286,0.1404846951565034,0.0903614457831325
gpqa_187,openclaw,IC,1,2.0,1115.0,0.1737775959882227,0.1310861423220973
gpqa_187,openclaw,PD,1,6.0,908.0,0.1737775959882227,0.1310861423220973
gpqa_187,openclaw,reason,2,0.0,593.0,0.1737775959882227,0.1310861423220973
gpqa_187,opencode,PD,3,4.0,843.0,0.2136493780075485,0.3577981651376147
gpqa_187,opencode,reason,8,0.0,328.375,0.2136493780075485,0.3577981651376147
gpqa_187,zeroclaw,PD,4,1.5,65.25,0.1859301905719648,0.0428571428571428
gpqa_187,zeroclaw,reason,13,0.0,136.0,0.1859301905719648,0.0428571428571428
gpqa_188,openclaw,PD,1,2.0,2319.0,0.0,0.1076923076923077
gpqa_188,openclaw,reason,1,0.0,726.0,0.0,0.1076923076923077
gpqa_188,opencode,PD,3,3.3333333333333335,3255.0,0.2986977967843993,0.4628312863606981
gpqa_188,opencode,reason,12,0.0,293.5,0.2986977967843993,0.4628312863606981
gpqa_188,zeroclaw,IC,1,2.0,1310.0,0.1208598447376681,0.0956239870340356
gpqa_188,zeroclaw,PD,1,1.0,64.0,0.1208598447376681,0.0956239870340356
gpqa_188,zeroclaw,RR,2,2.5,335.5,0.1208598447376681,0.0956239870340356
gpqa_188,zeroclaw,reason,13,0.0,154.84615384615384,0.1208598447376681,0.0956239870340356
gpqa_189,openclaw,IC,1,6.0,1548.0,0.0,0.0815709969788519
gpqa_189,openclaw,PD,1,3.0,653.0,0.0,0.0815709969788519
gpqa_189,opencode,PD,1,3.0,653.0,0.0,0.0045871559633027
gpqa_189,zeroclaw,IC,3,5.333333333333333,1416.6666666666667,0.0858524684534524,0.2509505703422053
gpqa_189,zeroclaw,PD,3,1.6666666666666667,258.3333333333333,0.0858524684534524,0.2509505703422053
gpqa_189,zeroclaw,reason,11,0.0,85.81818181818181,0.0858524684534524,0.2509505703422053
gpqa_19,openclaw,PD,4,6.75,1091.0,0.1318737348427607,0.1097560975609756
gpqa_19,opencode,PD,3,12.0,1064.0,0.1667369252139598,0.3571428571428571
gpqa_19,opencode,reason,4,0.0,239.75,0.1667369252139598,0.3571428571428571
gpqa_19,zeroclaw,PD,6,2.5,504.0,0.0901595539705215,0.1335807050092764
gpqa_19,zeroclaw,reason,11,0.0,64.18181818181819,0.0901595539705215,0.1335807050092764
gpqa_190,openclaw,PD,2,7.0,1370.5,0.1671255242289315,0.0830188679245283
gpqa_190,openclaw,reason,4,0.0,280.0,0.1671255242289315,0.0830188679245283
gpqa_190,opencode,PD,4,5.0,909.75,0.1538027384919396,0.4240231548480463
gpqa_190,opencode,reason,6,0.0,230.0,0.1538027384919396,0.4240231548480463
gpqa_190,zeroclaw,PD,6,3.1666666666666665,378.6666666666667,0.0832908401835576,0.24
gpqa_190,zeroclaw,reason,11,0.0,122.54545454545455,0.0832908401835576,0.24
gpqa_191,openclaw,IC,1,2.0,496.0,0.2197113382656034,0.1676767676767676
gpqa_191,openclaw,PD,1,17.0,2329.0,0.2197113382656034,0.1676767676767676
gpqa_191,openclaw,RR,1,2.0,55.0,0.2197113382656034,0.1676767676767676
gpqa_191,openclaw,reason,6,0.0,296.0,0.2197113382656034,0.1676767676767676
gpqa_191,opencode,PD,3,10.0,1113.3333333333333,0.2284892181108168,0.4528301886792453
gpqa_191,opencode,reason,7,0.0,237.0,0.2284892181108168,0.4528301886792453
gpqa_191,zeroclaw,IC,1,2.0,240.0,0.1331729345761094,0.1731391585760517
gpqa_191,zeroclaw,PD,5,4.6,254.0,0.1331729345761094,0.1731391585760517
gpqa_191,zeroclaw,reason,11,0.0,123.36363636363636,0.1331729345761094,0.1731391585760517
gpqa_192,openclaw,PD,1,1.0,1018.0,0.2525162289754785,0.0263157894736842
gpqa_192,openclaw,reason,2,0.0,987.5,0.2525162289754785,0.0263157894736842
gpqa_192,opencode,RR,3,2.6666666666666665,2042.0,0.3348499823824935,0.433389544688027
gpqa_192,opencode,reason,7,0.0,315.57142857142856,0.3348499823824935,0.433389544688027
gpqa_192,zeroclaw,IC,1,4.0,3363.0,0.1614637039934256,0.1223776223776223
gpqa_192,zeroclaw,PD,1,1.0,48.0,0.1614637039934256,0.1223776223776223
gpqa_192,zeroclaw,RR,1,2.0,247.0,0.1614637039934256,0.1223776223776223
gpqa_192,zeroclaw,reason,14,0.0,138.78571428571428,0.1614637039934256,0.1223776223776223
gpqa_193,openclaw,PD,3,4.0,964.0,0.123720186767409,0.1101321585903083
gpqa_193,openclaw,reason,1,0.0,227.0,0.123720186767409,0.1101321585903083
gpqa_193,opencode,PD,4,1.75,815.5,0.1372515778388048,0.3698384201077199
gpqa_193,opencode,reason,3,0.0,272.3333333333333,0.1372515778388048,0.3698384201077199
gpqa_193,zeroclaw,PD,4,5.5,575.75,0.0853803116443691,0.126953125
gpqa_193,zeroclaw,reason,13,0.0,58.30769230769231,0.0853803116443691,0.126953125
gpqa_194,openclaw,IC,1,7.0,1144.0,0.222674800709214,0.2324159021406728
gpqa_194,openclaw,PD,1,1.0,1063.0,0.222674800709214,0.2324159021406728
gpqa_194,openclaw,reason,2,0.0,888.5,0.222674800709214,0.2324159021406728
gpqa_194,opencode,PD,2,1.0,1181.0,0.2187755476264329,0.3731988472622478
gpqa_194,opencode,reason,5,0.0,446.0,0.2187755476264329,0.3731988472622478
gpqa_194,zeroclaw,IC,1,4.0,1082.0,0.1097616898425734,0.0942028985507246
gpqa_194,zeroclaw,PD,1,1.0,58.0,0.1097616898425734,0.0942028985507246
gpqa_194,zeroclaw,reason,15,0.0,119.06666666666666,0.1097616898425734,0.0942028985507246
gpqa_195,openclaw,PD,2,12.5,1822.0,0.2146626043153267,0.0835734870317002
gpqa_195,openclaw,reason,2,0.0,106.5,0.2146626043153267,0.0835734870317002
gpqa_195,opencode,PD,4,6.75,1188.75,0.2275146832245314,0.4198966408268734
gpqa_195,opencode,reason,3,0.0,272.0,0.2275146832245314,0.4198966408268734
gpqa_195,zeroclaw,PD,5,4.0,537.2,0.1650396013376021,0.0697674418604651
gpqa_195,zeroclaw,reason,12,0.0,71.5,0.1650396013376021,0.0697674418604651
gpqa_196,openclaw,reason,2,0.0,68529.5,0.0379771715725988,0.9742925152076172
gpqa_196,opencode,PD,2,11.0,3313.5,0.3627559696750337,0.4671980380134886
gpqa_196,opencode,RR,1,3.0,3490.0,0.3627559696750337,0.4671980380134886
gpqa_196,opencode,reason,18,0.0,404.8333333333333,0.3627559696750337,0.4671980380134886
gpqa_196,zeroclaw,PD,3,5.333333333333333,1883.0,0.4128342500757117,0.1488519398258115
gpqa_196,zeroclaw,reason,14,0.0,210.21428571428572,0.4128342500757117,0.1488519398258115
gpqa_197,openclaw,PD,3,23.666666666666668,1378.6666666666667,0.151819793765205,0.1896207584830339
gpqa_197,openclaw,reason,3,0.0,186.33333333333334,0.151819793765205,0.1896207584830339
gpqa_197,opencode,PD,4,13.0,1267.75,0.1842438882567326,0.4480446927374302
gpqa_197,opencode,reason,6,0.0,215.66666666666666,0.1842438882567326,0.4480446927374302
gpqa_197,zeroclaw,PD,9,8.222222222222221,425.1111111111111,0.2180973422588848,0.1444308445532435
gpqa_197,zeroclaw,reason,8,0.0,88.0,0.2180973422588848,0.1444308445532435
gpqa_2,openclaw,PD,2,10.5,1933.5,0.0295036711826582,0.9251625981924148
gpqa_2,openclaw,UN,1,374.0,79421.0,0.0295036711826582,0.9251625981924148
gpqa_2,openclaw,reason,1,0.0,193.0,0.0295036711826582,0.9251625981924148
gpqa_2,opencode,PD,4,13.5,1433.25,0.2072195245657123,0.4329787234042553
gpqa_2,opencode,reason,3,0.0,272.0,0.2072195245657123,0.4329787234042553
gpqa_2,zeroclaw,PD,6,8.833333333333334,467.3333333333333,0.1611862487369086,0.06396255850234
gpqa_2,zeroclaw,reason,11,0.0,62.72727272727273,0.1611862487369086,0.06396255850234
gpqa_20,openclaw,PD,2,35.0,4015.5,0.3309971891022542,0.099067599067599
gpqa_20,opencode,PD,3,28.0,2990.0,0.4284797321442098,0.4716981132075472
gpqa_20,opencode,reason,1,0.0,404.0,0.4284797321442098,0.4716981132075472
gpqa_20,zeroclaw,IC,1,2.0,121.0,0.4744797217675024,0.1998519615099926
gpqa_20,zeroclaw,PD,7,10.0,1108.2857142857142,0.4744797217675024,0.1998519615099926
gpqa_20,zeroclaw,reason,9,0.0,84.11111111111111,0.4744797217675024,0.1998519615099926
gpqa_21,openclaw,IC,1,2.0,1392.0,0.1869822926273388,0.0891089108910891
gpqa_21,openclaw,PD,1,4.0,3194.0,0.1869822926273388,0.0891089108910891
gpqa_21,openclaw,reason,2,0.0,737.0,0.1869822926273388,0.0891089108910891
gpqa_21,opencode,IC,2,2.0,1167.0,0.2414822774930169,0.4014388489208633
gpqa_21,opencode,PD,1,1.0,903.0,0.2414822774930169,0.4014388489208633
gpqa_21,opencode,reason,61,0.0,377.4590163934426,0.2414822774930169,0.4014388489208633
gpqa_21,zeroclaw,IC,1,6.0,3072.0,0.1705439435388617,0.0744368266405484
gpqa_21,zeroclaw,reason,16,0.0,171.3125,0.1705439435388617,0.0744368266405484
gpqa_22,openclaw,PD,1,498.0,80981.0,0.0226413819304398,0.9661980257253964
gpqa_22,openclaw,reason,1,0.0,1580.0,0.0226413819304398,0.9661980257253964
gpqa_22,opencode,PD,1,90.0,19846.0,0.0647845686856866,0.8318435754189945
gpqa_22,opencode,reason,1,0.0,801.0,0.0647845686856866,0.8318435754189945
gpqa_22,zeroclaw,PD,8,3.5,981.0,0.2406659519904212,0.322435174746336
gpqa_22,zeroclaw,reason,9,0.0,214.66666666666666,0.2406659519904212,0.322435174746336
gpqa_23,openclaw,PD,2,17.5,2543.0,0.259749757404111,0.1276190476190476
gpqa_23,opencode,PD,3,10.333333333333334,2006.3333333333333,0.2315402717717704,0.4434611602753195
gpqa_23,opencode,reason,44,0.0,384.45454545454544,0.2315402717717704,0.4434611602753195
gpqa_23,zeroclaw,PD,11,4.0,421.1818181818182,0.2170619634373274,0.0740318906605922
gpqa_23,zeroclaw,reason,6,0.0,108.83333333333333,0.2170619634373274,0.0740318906605922
gpqa_24,openclaw,PD,2,421.0,36992.5,0.0478178166270083,0.9163250289078104
gpqa_24,opencode,PD,3,40.666666666666664,4440.0,0.3126668728650993,0.4907727797001153
gpqa_24,opencode,reason,1,0.0,404.0,0.3126668728650993,0.4907727797001153
gpqa_24,zeroclaw,PD,10,7.6,715.8,0.2602508536015478,0.1611814345991561
gpqa_24,zeroclaw,RR,2,3.5,599.0,0.2602508536015478,0.1611814345991561
gpqa_24,zeroclaw,reason,5,0.0,68.8,0.2602508536015478,0.1611814345991561
gpqa_25,openclaw,IC,1,5.0,1080.0,0.155375318684138,0.0223642172523961
gpqa_25,openclaw,PD,1,7.0,1237.0,0.155375318684138,0.0223642172523961
gpqa_25,openclaw,reason,2,0.0,851.5,0.155375318684138,0.0223642172523961
gpqa_25,opencode,IC,2,2.0,745.0,0.2323703908645614,0.3020833333333333
gpqa_25,opencode,reason,19,0.0,333.8421052631579,0.2323703908645614,0.3020833333333333
gpqa_25,zeroclaw,PD,2,2.5,947.0,0.0917781658247604,0.0399305555555555
gpqa_25,zeroclaw,UN,1,1.0,316.0,0.0917781658247604,0.0399305555555555
gpqa_25,zeroclaw,reason,14,0.0,99.64285714285714,0.0917781658247604,0.0399305555555555
gpqa_26,openclaw,PD,2,6.0,1539.5,0.3638895952173819,0.0807174887892376
gpqa_26,openclaw,reason,2,0.0,697.5,0.3638895952173819,0.0807174887892376
gpqa_26,opencode,PD,3,9.333333333333334,1233.6666666666667,0.1632385943386773,0.4195906432748538
gpqa_26,opencode,reason,15,0.0,347.6,0.1632385943386773,0.4195906432748538
gpqa_26,zeroclaw,PD,3,7.333333333333333,936.6666666666666,0.1352571428432468,0.120713305898491
gpqa_26,zeroclaw,reason,14,0.0,100.78571428571429,0.1352571428432468,0.120713305898491
gpqa_27,openclaw,PD,3,32.0,2158.3333333333335,0.3287089207886222,0.2028169014084507
gpqa_27,openclaw,reason,3,0.0,86.66666666666667,0.3287089207886222,0.2028169014084507
gpqa_27,opencode,PD,3,35.333333333333336,2375.0,0.4017811123221533,0.4446397188049209
gpqa_27,opencode,reason,14,0.0,385.35714285714283,0.4017811123221533,0.4446397188049209
gpqa_27,zeroclaw,PD,11,6.909090909090909,380.45454545454544,0.3491525692306837,0.104
gpqa_27,zeroclaw,reason,6,0.0,44.166666666666664,0.3491525692306837,0.104
gpqa_28,openclaw,UN,1,328.0,59393.0,0.0449482360005796,0.7910373236799401
gpqa_28,openclaw,reason,1,0.0,1339.0,0.0449482360005796,0.7910373236799401
gpqa_28,opencode,UN,1,52.0,18030.0,0.2672358699473799,0.5700245700245701
gpqa_28,opencode,reason,1,0.0,560.0,0.2672358699473799,0.5700245700245701
gpqa_28,zeroclaw,IC,1,2.0,222.0,0.3029812190451155,0.1917659804983748
gpqa_28,zeroclaw,PD,1,2.0,212.0,0.3029812190451155,0.1917659804983748
gpqa_28,zeroclaw,RR,1,29.0,8144.0,0.3029812190451155,0.1917659804983748
gpqa_28,zeroclaw,UN,1,2.0,194.0,0.3029812190451155,0.1917659804983748
gpqa_28,zeroclaw,reason,13,0.0,202.0,0.3029812190451155,0.1917659804983748
gpqa_29,openclaw,PD,1,10.0,3709.0,0.3800583120298214,0.1373307543520309
gpqa_29,openclaw,SE,1,3.0,1772.0,0.3800583120298214,0.1373307543520309
gpqa_29,opencode,PD,2,11.0,3242.0,0.4021027879421875,0.4378151260504201
gpqa_29,opencode,SE,1,3.0,993.0,0.4021027879421875,0.4378151260504201
gpqa_29,opencode,reason,18,0.0,385.05555555555554,0.4021027879421875,0.4378151260504201
gpqa_29,zeroclaw,IC,3,2.6666666666666665,244.33333333333334,0.3259513991767615,0.1720818291215403
gpqa_29,zeroclaw,PD,2,2.0,827.5,0.3259513991767615,0.1720818291215403
gpqa_29,zeroclaw,SE,1,3.0,993.0,0.3259513991767615,0.1720818291215403
gpqa_29,zeroclaw,reason,11,0.0,141.54545454545453,0.3259513991767615,0.1720818291215403
gpqa_3,openclaw,PD,2,17.0,1822.5,0.2569250042933508,0.0691489361702127
gpqa_3,openclaw,reason,2,0.0,1014.0,0.2569250042933508,0.0691489361702127
gpqa_3,opencode,PD,3,9.333333333333334,1385.3333333333333,0.2558719754022679,0.394273127753304
gpqa_3,opencode,reason,11,0.0,327.3636363636364,0.2558719754022679,0.394273127753304
gpqa_3,zeroclaw,PD,1,26.0,2521.0,0.1522867169264111,0.086848635235732
gpqa_3,zeroclaw,reason,16,0.0,129.125,0.1522867169264111,0.086848635235732
gpqa_30,openclaw,PD,9,8.11111111111111,1147.4444444444443,0.2828276007109793,0.0846286701208981
gpqa_30,openclaw,reason,1,0.0,631.0,0.2828276007109793,0.0846286701208981
gpqa_30,opencode,PD,6,30.666666666666668,5067.5,0.4011992629564157,0.5526094276094277
gpqa_30,opencode,reason,9,0.0,268.1111111111111,0.4011992629564157,0.5526094276094277
gpqa_30,zeroclaw,PD,4,2.25,184.5,0.1366463113658308,0.0136986301369863
gpqa_30,zeroclaw,reason,3,0.0,94.33333333333333,0.1366463113658308,0.0136986301369863
gpqa_31,openclaw,PD,6,21.666666666666668,3477.1666666666665,0.3394012844587303,0.5483503981797497
gpqa_31,openclaw,reason,8,0.0,716.25,0.3394012844587303,0.5483503981797497
gpqa_31,opencode,PD,3,11.333333333333334,1120.0,0.5428518016351054,0.3227424749163879
gpqa_31,opencode,reason,3,0.0,265.6666666666667,0.5428518016351054,0.3227424749163879
gpqa_31,zeroclaw,PD,11,9.090909090909092,1383.6363636363637,0.4439682741714049,0.2123600165906262
gpqa_31,zeroclaw,reason,6,0.0,147.83333333333334,0.4439682741714049,0.2123600165906262
gpqa_32,openclaw,PD,2,2.5,1828.0,0.2508239634604101,0.0795698924731182
gpqa_32,openclaw,reason,2,0.0,779.5,0.2508239634604101,0.0795698924731182
gpqa_32,opencode,reason,7,0.0,699.5714285714286,0.2217096242211638,0.4087481146304675
gpqa_32,zeroclaw,PD,1,6.0,1034.0,0.1175185674660688,0.1491395793499044
gpqa_32,zeroclaw,reason,16,0.0,133.125,0.1175185674660688,0.1491395793499044
gpqa_33,openclaw,PD,2,3.5,2871.5,0.304593275775301,0.1383399209486166
gpqa_33,opencode,IC,2,4.0,2999.0,0.300988619528544,0.4533856722276742
gpqa_33,opencode,PD,1,4.0,950.0,0.300988619528544,0.4533856722276742
gpqa_33,opencode,reason,1,0.0,403.0,0.300988619528544,0.4533856722276742
gpqa_33,zeroclaw,IC,2,3.0,1204.0,0.2973491917463035,0.2179176755447942
gpqa_33,zeroclaw,PD,2,4.0,499.0,0.2973491917463035,0.2179176755447942
gpqa_33,zeroclaw,reason,13,0.0,134.15384615384616,0.2973491917463035,0.2179176755447942
gpqa_34,openclaw,PD,2,14.5,2568.5,0.2218562854561531,0.184070796460177
gpqa_34,opencode,PD,3,28.333333333333332,2103.0,0.1999337807708518,0.515638963360143
gpqa_34,opencode,reason,1,0.0,403.0,0.1999337807708518,0.515638963360143
gpqa_34,zeroclaw,PD,12,3.5833333333333335,303.1666666666667,0.1860473667640056,0.2266139657444005
gpqa_34,zeroclaw,reason,5,0.0,100.6,0.1860473667640056,0.2266139657444005
gpqa_35,openclaw,IC,1,2.0,1403.0,0.2216196987580817,0.1320388349514563
gpqa_35,openclaw,PD,1,1.0,1627.0,0.2216196987580817,0.1320388349514563
gpqa_35,openclaw,reason,4,0.0,511.5,0.2216196987580817,0.1320388349514563
gpqa_35,opencode,PD,2,18.5,1967.5,0.2360173731329329,0.4798567591763653
gpqa_35,opencode,RR,2,3.0,696.5,0.2360173731329329,0.4798567591763653
gpqa_35,opencode,reason,15,0.0,285.4,0.2360173731329329,0.4798567591763653
gpqa_35,zeroclaw,IC,1,2.0,1786.0,0.1699945074939244,0.2064343163538874
gpqa_35,zeroclaw,PD,1,2.0,99.0,0.1699945074939244,0.2064343163538874
gpqa_35,zeroclaw,reason,15,0.0,110.66666666666667,0.1699945074939244,0.2064343163538874
gpqa_36,openclaw,PD,1,42.0,3831.0,0.1986248479373951,0.265527950310559
gpqa_36,openclaw,reason,1,0.0,2028.0,0.1986248479373951,0.265527950310559
gpqa_36,opencode,PD,2,36.0,3226.0,0.2489603283575945,0.5271966527196653
gpqa_36,opencode,reason,2,0.0,826.5,0.2489603283575945,0.5271966527196653
gpqa_36,zeroclaw,IC,1,2.0,33.0,0.1910094178372411,0.187566988210075
gpqa_36,zeroclaw,PD,1,30.0,1716.0,0.1910094178372411,0.187566988210075
gpqa_36,zeroclaw,reason,15,0.0,187.46666666666667,0.1910094178372411,0.187566988210075
gpqa_37,openclaw,IC,1,2.0,1638.0,0.2359176507430597,0.1483870967741935
gpqa_37,openclaw,reason,5,0.0,579.2,0.2359176507430597,0.1483870967741935
gpqa_37,opencode,PD,3,7.333333333333333,1499.3333333333333,0.2418776083961987,0.4391217564870259
gpqa_37,opencode,reason,11,0.0,305.27272727272725,0.2418776083961987,0.4391217564870259
gpqa_37,zeroclaw,PD,1,25.0,1399.0,0.1862687176203189,0.1340941512125535
gpqa_37,zeroclaw,UN,1,2.0,95.0,0.1862687176203189,0.1340941512125535
gpqa_37,zeroclaw,reason,15,0.0,128.33333333333334,0.1862687176203189,0.1340941512125535
gpqa_38,openclaw,SE,1,984.0,130325.0,0.020190973438735,0.972630764126949
gpqa_38,openclaw,reason,1,0.0,1356.0,0.020190973438735,0.972630764126949
gpqa_38,opencode,UN,1,4.0,21764.0,0.099176431667843,0.8064709406830437
gpqa_38,opencode,reason,1,0.0,577.0,0.099176431667843,0.8064709406830437
gpqa_38,zeroclaw,PD,5,8.4,822.0,0.2793186869328468,0.1783029001074113
gpqa_38,zeroclaw,reason,12,0.0,160.83333333333334,0.2793186869328468,0.1783029001074113
gpqa_39,openclaw,PD,1,8.0,4314.0,0.3814919889782708,0.1736613603473227
gpqa_39,openclaw,reason,1,0.0,1649.0,0.3814919889782708,0.1736613603473227
gpqa_39,opencode,PD,2,4.0,3659.0,0.3569118850183018,0.4886039886039886
gpqa_39,opencode,reason,7,0.0,456.14285714285717,0.3569118850183018,0.4886039886039886
gpqa_39,zeroclaw,IC,1,2.0,50.0,0.333249025856161,0.1462621885157096
gpqa_39,zeroclaw,PD,1,4.0,1501.0,0.333249025856161,0.1462621885157096
gpqa_39,zeroclaw,reason,15,0.0,228.13333333333333,0.333249025856161,0.1462621885157096
gpqa_4,openclaw,PD,2,8.0,2022.5,0.178240507579292,0.1032608695652173
gpqa_4,openclaw,reason,2,0.0,937.0,0.178240507579292,0.1032608695652173
gpqa_4,opencode,PD,2,14.0,2706.5,0.2302003615207974,0.4367141659681475
gpqa_4,opencode,reason,8,0.0,424.75,0.2302003615207974,0.4367141659681475
gpqa_4,zeroclaw,PD,6,7.666666666666667,424.5,0.1562686808645619,0.0833333333333333
gpqa_4,zeroclaw,reason,11,0.0,175.72727272727272,0.1562686808645619,0.0833333333333333
gpqa_40,openclaw,PD,3,14.666666666666666,3131.6666666666665,0.4018412470408212,0.1427174975562072
gpqa_40,openclaw,reason,3,0.0,81.0,0.4018412470408212,0.1427174975562072
gpqa_40,opencode,PD,2,128.0,14261.0,0.1620847004807233,0.7418568579658763
gpqa_40,zeroclaw,PD,8,6.875,896.0,0.3744269263224423,0.1270638908829863
gpqa_40,zeroclaw,reason,9,0.0,137.66666666666666,0.3744269263224423,0.1270638908829863
gpqa_41,openclaw,PD,4,6.5,1637.0,0.173102323144569,0.4166138237159163
gpqa_41,openclaw,UN,2,6.0,4136.5,0.173102323144569,0.4166138237159163
gpqa_41,opencode,PD,2,10.0,2015.5,0.4322094289647993,0.391304347826087
gpqa_41,opencode,UN,1,2.0,1089.0,0.4322094289647993,0.391304347826087
gpqa_41,opencode,reason,5,0.0,337.0,0.4322094289647993,0.391304347826087
gpqa_41,zeroclaw,PD,2,2.0,134.0,0.2270077008310652,0.2281976744186046
gpqa_41,zeroclaw,UN,1,2.0,1089.0,0.2270077008310652,0.2281976744186046
gpqa_41,zeroclaw,reason,12,0.0,192.16666666666666,0.2270077008310652,0.2281976744186046
gpqa_42,openclaw,PD,2,16.0,3979.0,0.4214421929988661,0.1211340206185567
gpqa_42,opencode,PD,3,16.0,3161.6666666666665,0.4232871151747169,0.4700598802395209
gpqa_42,opencode,reason,2,0.0,393.5,0.4232871151747169,0.4700598802395209
gpqa_42,zeroclaw,IC,2,1.5,272.5,0.4071459110036944,0.2028836251287332
gpqa_42,zeroclaw,PD,8,3.25,610.75,0.4071459110036944,0.2028836251287332
gpqa_42,zeroclaw,reason,7,0.0,169.57142857142858,0.4071459110036944,0.2028836251287332
gpqa_43,openclaw,IC,1,6.0,1915.0,0.2996501813106743,0.4321231254932912
gpqa_43,openclaw,UN,1,48.0,13526.0,0.2996501813106743,0.4321231254932912
gpqa_43,openclaw,reason,10,0.0,467.0,0.2996501813106743,0.4321231254932912
gpqa_43,opencode,reason,4,0.0,2108.0,0.4665708223774319,0.4894283476898982
gpqa_43,zeroclaw,IC,2,3.0,308.0,0.4741426835873869,0.1316042267050912
gpqa_43,zeroclaw,UN,1,4.0,2678.0,0.4741426835873869,0.1316042267050912
gpqa_43,zeroclaw,reason,14,0.0,214.64285714285714,0.4741426835873869,0.1316042267050912
gpqa_44,openclaw,IC,1,4.0,1746.0,0.2070156921567831,0.1093023255813953
gpqa_44,openclaw,PD,1,1.0,53.0,0.2070156921567831,0.1093023255813953
gpqa_44,openclaw,reason,4,0.0,739.25,0.2070156921567831,0.1093023255813953
gpqa_44,opencode,IC,1,2.0,1298.0,0.2271255522681931,0.4240719910011248
gpqa_44,opencode,PD,2,5.0,1757.5,0.2271255522681931,0.4240719910011248
gpqa_44,opencode,reason,5,0.0,328.2,0.2271255522681931,0.4240719910011248
gpqa_44,zeroclaw,PD,1,6.0,1907.0,0.1578303400893311,0.152073732718894
gpqa_44,zeroclaw,reason,16,0.0,108.25,0.1578303400893311,0.152073732718894
gpqa_45,openclaw,PD,2,4.5,1077.0,0.2117609281034511,0.12
gpqa_45,openclaw,reason,2,0.0,650.0,0.2117609281034511,0.12
gpqa_45,opencode,PD,2,12.0,2859.0,0.207662336148968,0.4829178208679593
gpqa_45,opencode,reason,6,0.0,263.1666666666667,0.207662336148968,0.4829178208679593
gpqa_45,zeroclaw,PD,4,4.0,462.5,0.1191243968784471,0.1628318584070796
gpqa_45,zeroclaw,reason,13,0.0,89.46153846153847,0.1191243968784471,0.1628318584070796
gpqa_46,openclaw,IC,1,1.0,700.0,0.3168090985321694,0.1455301455301455
gpqa_46,openclaw,PD,4,2.5,1285.25,0.3168090985321694,0.1455301455301455
gpqa_46,openclaw,RR,2,7.0,1240.5,0.3168090985321694,0.1455301455301455
gpqa_46,openclaw,UN,4,4.75,919.25,0.3168090985321694,0.1455301455301455
gpqa_46,openclaw,reason,5,0.0,1427.6,0.3168090985321694,0.1455301455301455
gpqa_46,opencode,IC,1,2.0,596.0,0.2488334742911056,0.4352380952380952
gpqa_46,opencode,PD,2,2.5,518.5,0.2488334742911056,0.4352380952380952
gpqa_46,opencode,RR,1,2.0,781.0,0.2488334742911056,0.4352380952380952
gpqa_46,opencode,UN,3,4.666666666666667,1292.6666666666667,0.2488334742911056,0.4352380952380952
gpqa_46,opencode,reason,9,0.0,228.33333333333334,0.2488334742911056,0.4352380952380952
gpqa_46,zeroclaw,PD,4,1.0,247.0,0.1877893516776694,0.1964573268921095
gpqa_46,zeroclaw,RR,2,2.0,131.0,0.1877893516776694,0.1964573268921095
gpqa_46,zeroclaw,UN,2,26.5,4986.0,0.1877893516776694,0.1964573268921095
gpqa_46,zeroclaw,reason,9,0.0,110.66666666666667,0.1877893516776694,0.1964573268921095
gpqa_47,openclaw,PD,2,12.5,2178.5,0.332017141058767,0.0385542168674698
gpqa_47,opencode,PD,3,2.3333333333333335,1526.6666666666667,0.3522063151230028,0.3721244925575101
gpqa_47,opencode,reason,1,0.0,403.0,0.3522063151230028,0.3721244925575101
gpqa_47,zeroclaw,IC,1,2.0,35.0,0.2769521827860038,0.0533333333333333
gpqa_47,zeroclaw,PD,5,4.8,420.6,0.2769521827860038,0.0533333333333333
gpqa_47,zeroclaw,reason,11,0.0,104.0,0.2769521827860038,0.0533333333333333
gpqa_48,openclaw,PD,2,10.5,2570.0,0.374891686662187,0.0596745027124773
gpqa_48,opencode,PD,3,9.666666666666666,1708.3333333333333,0.3310419608275017,0.4463840399002494
gpqa_48,opencode,reason,1,0.0,403.0,0.3310419608275017,0.4463840399002494
gpqa_48,zeroclaw,PD,11,2.3636363636363638,329.09090909090907,0.374814983083384,0.0847457627118644
gpqa_48,zeroclaw,reason,6,0.0,88.66666666666667,0.374814983083384,0.0847457627118644
gpqa_49,openclaw,IC,2,4.0,934.0,0.2451036718696601,0.3325123152709359
gpqa_49,openclaw,PD,2,17.0,2338.0,0.2451036718696601,0.3325123152709359
gpqa_49,openclaw,reason,4,0.0,888.25,0.2451036718696601,0.3325123152709359
gpqa_49,opencode,IC,1,2.0,188.0,0.30119276581333,0.4710144927536231
gpqa_49,opencode,PD,2,18.0,2774.0,0.30119276581333,0.4710144927536231
gpqa_49,opencode,reason,1,0.0,403.0,0.30119276581333,0.4710144927536231
gpqa_49,zeroclaw,IC,4,2.0,167.75,0.2523731173827149,0.2094594594594594
gpqa_49,zeroclaw,PD,5,3.2,458.0,0.2523731173827149,0.2094594594594594
gpqa_49,zeroclaw,reason,8,0.0,152.75,0.2523731173827149,0.2094594594594594
gpqa_5,openclaw,IC,2,3.0,5215.0,0.4281143776447704,0.1981468282252316
gpqa_5,openclaw,reason,2,0.0,849.5,0.4281143776447704,0.1981468282252316
gpqa_5,opencode,PD,2,3.0,2896.5,0.3517027074165662,0.4005550416281221
gpqa_5,opencode,reason,5,0.0,401.8,0.3517027074165662,0.4005550416281221
gpqa_5,zeroclaw,PD,1,18.0,7879.0,0.3444486258320327,0.1450032658393207
gpqa_5,zeroclaw,reason,16,0.0,152.375,0.3444486258320327,0.1450032658393207
gpqa_50,openclaw,UN,3,4.666666666666667,1934.6666666666667,0.291306474900613,0.1336283185840708
gpqa_50,openclaw,reason,5,0.0,757.4,0.291306474900613,0.1336283185840708
gpqa_50,opencode,IC,1,4.0,785.0,0.3279834226557545,0.5485926712692512
gpqa_50,opencode,PD,1,3.0,726.0,0.3279834226557545,0.5485926712692512
gpqa_50,opencode,RR,3,3.3333333333333335,553.6666666666666,0.3279834226557545,0.5485926712692512
gpqa_50,opencode,UN,4,8.0,1791.25,0.3279834226557545,0.5485926712692512
gpqa_50,opencode,reason,81,0.0,353.28395061728395,0.3279834226557545,0.5485926712692512
gpqa_50,zeroclaw,RR,2,2.5,175.0,0.2141719636198523,0.1621442753143613
gpqa_50,zeroclaw,UN,1,37.0,7649.0,0.2141719636198523,0.1621442753143613
gpqa_50,zeroclaw,reason,14,0.0,121.0,0.2141719636198523,0.1621442753143613
gpqa_51,openclaw,PD,1,3.0,2620.0,0.1946482679752794,0.1140583554376657
gpqa_51,openclaw,reason,1,0.0,1499.0,0.1946482679752794,0.1140583554376657
gpqa_51,opencode,reason,8,0.0,874.25,0.124615411872335,0.5112917795844625
gpqa_51,zeroclaw,IC,1,2.0,138.0,0.1352449769410236,0.2091954022988505
gpqa_51,zeroclaw,PD,1,3.0,156.0,0.1352449769410236,0.2091954022988505
gpqa_51,zeroclaw,SE,1,1.0,171.0,0.1352449769410236,0.2091954022988505
gpqa_51,zeroclaw,reason,14,0.0,286.92857142857144,0.1352449769410236,0.2091954022988505
gpqa_52,openclaw,PD,2,2.0,2287.5,0.3505474623470168,0.1068702290076335
gpqa_52,openclaw,reason,2,0.0,249.0,0.3505474623470168,0.1068702290076335
gpqa_52,opencode,PD,1,2.0,508.0,0.3015300352058764,0.4196531791907514
gpqa_52,opencode,UN,2,2.0,1977.0,0.3015300352058764,0.4196531791907514
gpqa_52,opencode,reason,5,0.0,401.4,0.3015300352058764,0.4196531791907514
gpqa_52,zeroclaw,PD,2,3.0,1942.5,0.2501927627889219,0.0883977900552486
gpqa_52,zeroclaw,RR,1,2.0,28.0,0.2501927627889219,0.0883977900552486
gpqa_52,zeroclaw,reason,14,0.0,120.14285714285714,0.2501927627889219,0.0883977900552486
gpqa_53,openclaw,PD,3,11.666666666666666,1302.6666666666667,0.1435105873853435,0.0972972972972973
gpqa_53,openclaw,reason,3,0.0,209.66666666666666,0.1435105873853435,0.0972972972972973
gpqa_53,opencode,PD,3,2.6666666666666665,983.0,0.2065832487309947,0.3571428571428571
gpqa_53,opencode,reason,4,0.0,280.25,0.2065832487309947,0.3571428571428571
gpqa_53,zeroclaw,PD,9,3.6666666666666665,243.44444444444446,0.1935972911203515,0.055452865064695
gpqa_53,zeroclaw,reason,8,0.0,101.875,0.1935972911203515,0.055452865064695
gpqa_54,openclaw,PD,2,15.0,1467.5,0.1648672327748392,0.1473684210526315
gpqa_54,openclaw,reason,2,0.0,649.5,0.1648672327748392,0.1473684210526315
gpqa_54,opencode,PD,2,14.0,1530.5,0.1993285505203253,0.3873581847649919
gpqa_54,opencode,reason,5,0.0,221.2,0.1993285505203253,0.3873581847649919
gpqa_54,zeroclaw,PD,7,5.571428571428571,266.14285714285717,0.1474921069820255,0.1221804511278195
gpqa_54,zeroclaw,reason,10,0.0,93.2,0.1474921069820255,0.1221804511278195
gpqa_55,openclaw,PD,2,13.5,4183.0,0.4351116644384296,0.058343057176196
gpqa_55,opencode,PD,1,15.0,1738.0,0.5171566938641455,0.4715813168261114
gpqa_55,opencode,SE,2,4.0,4462.0,0.5171566938641455,0.4715813168261114
gpqa_55,opencode,reason,1,0.0,404.0,0.5171566938641455,0.4715813168261114
gpqa_55,zeroclaw,PD,5,7.4,948.2,0.3708893962998528,0.1304347826086956
gpqa_55,zeroclaw,reason,12,0.0,208.75,0.3708893962998528,0.1304347826086956
gpqa_56,openclaw,PD,2,18.5,2321.5,0.1628651082851558,0.1836283185840708
gpqa_56,opencode,PD,3,9.0,1843.3333333333333,0.2565546181652137,0.4338422391857506
gpqa_56,opencode,reason,1,0.0,403.0,0.2565546181652137,0.4338422391857506
gpqa_56,zeroclaw,IC,1,2.0,90.0,0.2060634134741434,0.148397976391231
gpqa_56,zeroclaw,PD,5,5.4,442.6,0.2060634134741434,0.148397976391231
gpqa_56,zeroclaw,reason,11,0.0,101.54545454545455,0.2060634134741434,0.148397976391231
gpqa_57,openclaw,PD,1,23.0,4001.0,0.3070337850339402,0.3207885304659498
gpqa_57,openclaw,reason,1,0.0,920.0,0.3070337850339402,0.3207885304659498
gpqa_57,opencode,PD,2,10.0,3040.0,0.3050710359100707,0.5057351407716372
gpqa_57,opencode,reason,2,0.0,272.0,0.3050710359100707,0.5057351407716372
gpqa_57,zeroclaw,IC,1,1.0,469.0,0.2621662263933356,0.2154566744730679
gpqa_57,zeroclaw,PD,3,5.0,776.0,0.2621662263933356,0.2154566744730679
gpqa_57,zeroclaw,reason,13,0.0,197.0,0.2621662263933356,0.2154566744730679
gpqa_58,openclaw,PD,1,8.0,6105.0,0.2431465099245639,0.1331945889698231
gpqa_58,openclaw,reason,1,0.0,1387.0,0.2431465099245639,0.1331945889698231
gpqa_58,opencode,UN,1,30.0,21760.0,0.1480321730346659,0.7677351550183921
gpqa_58,opencode,reason,1,0.0,608.0,0.1480321730346659,0.7677351550183921
gpqa_58,zeroclaw,PD,3,2.0,956.6666666666666,0.2410854353708491,0.069090909090909
gpqa_58,zeroclaw,UN,1,2.0,138.0,0.2410854353708491,0.069090909090909
gpqa_58,zeroclaw,reason,13,0.0,126.61538461538461,0.2410854353708491,0.069090909090909
gpqa_59,openclaw,PD,9,42.666666666666664,32910.444444444445,0.1017208187209548,0.9241761186031971
gpqa_59,openclaw,UN,1,22.0,50954.0,0.1017208187209548,0.9241761186031971
gpqa_59,openclaw,reason,18,0.0,1146.611111111111,0.1017208187209548,0.9241761186031971
gpqa_59,opencode,PD,1,10.0,1418.0,0.3154042930616516,0.2333901192504258
gpqa_59,opencode,reason,12,0.0,292.0833333333333,0.3154042930616516,0.2333901192504258
gpqa_59,zeroclaw,PD,6,7.666666666666667,935.0,0.2763458484441579,0.0862369337979094
gpqa_59,zeroclaw,reason,11,0.0,156.45454545454547,0.2763458484441579,0.0862369337979094
gpqa_6,openclaw,IC,1,2.0,5752.0,0.2184376993027954,0.1595238095238095
gpqa_6,openclaw,RR,1,2.0,2410.0,0.2184376993027954,0.1595238095238095
gpqa_6,openclaw,reason,2,0.0,480.5,0.2184376993027954,0.1595238095238095
gpqa_6,opencode,IC,3,2.6666666666666665,3289.3333333333335,0.2659022042831498,0.4863685932388222
gpqa_6,opencode,RR,1,2.0,1631.0,0.2659022042831498,0.4863685932388222
gpqa_6,opencode,reason,6,0.0,363.3333333333333,0.2659022042831498,0.4863685932388222
gpqa_6,zeroclaw,IC,3,2.0,1847.0,0.2284131839742735,0.1842105263157894
gpqa_6,zeroclaw,RR,2,2.0,927.0,0.2284131839742735,0.1842105263157894
gpqa_6,zeroclaw,reason,12,0.0,108.16666666666667,0.2284131839742735,0.1842105263157894
gpqa_60,openclaw,PD,4,6.5,2084.0,0.4973293429500663,0.1317365269461078
gpqa_60,openclaw,UN,1,10.0,8779.0,0.4973293429500663,0.1317365269461078
gpqa_60,openclaw,reason,6,0.0,2477.0,0.4973293429500663,0.1317365269461078
gpqa_60,opencode,PD,3,16.666666666666668,3739.3333333333335,0.598865479389691,0.4904497843499692
gpqa_60,opencode,reason,1,0.0,404.0,0.598865479389691,0.4904497843499692
gpqa_60,zeroclaw,PD,8,5.75,1736.125,0.5034303790705518,0.2735849056603773
gpqa_60,zeroclaw,RR,1,2.0,159.0,0.5034303790705518,0.2735849056603773
gpqa_60,zeroclaw,reason,8,0.0,214.75,0.5034303790705518,0.2735849056603773
gpqa_61,openclaw,PD,1,16.0,3009.0,0.3127828681092456,0.115473441108545
gpqa_61,openclaw,UN,1,3.0,1217.0,0.3127828681092456,0.115473441108545
gpqa_61,opencode,PD,2,16.0,3011.0,0.4207030255173563,0.4722222222222222
gpqa_61,opencode,UN,1,3.0,438.0,0.4207030255173563,0.4722222222222222
gpqa_61,opencode,reason,1,0.0,403.0,0.4207030255173563,0.4722222222222222
gpqa_61,zeroclaw,IC,1,2.0,25.0,0.3101311142104823,0.1489971346704871
gpqa_61,zeroclaw,PD,6,3.3333333333333335,403.3333333333333,0.3101311142104823,0.1489971346704871
gpqa_61,zeroclaw,UN,2,2.0,283.5,0.3101311142104823,0.1489971346704871
gpqa_61,zeroclaw,reason,8,0.0,104.0,0.3101311142104823,0.1489971346704871
gpqa_62,openclaw,PD,2,2.0,3067.0,0.330426169286069,0.120754716981132
gpqa_62,opencode,PD,3,3.3333333333333335,2902.6666666666665,0.3919859550480659,0.4125984251968504
gpqa_62,opencode,reason,1,0.0,403.0,0.3919859550480659,0.4125984251968504
gpqa_62,zeroclaw,PD,2,2.0,644.5,0.2695733059450828,0.162514827995255
gpqa_62,zeroclaw,reason,15,0.0,281.53333333333336,0.2695733059450828,0.162514827995255
gpqa_63,openclaw,PD,4,7.0,2157.0,0.2706781404732278,0.1028368794326241
gpqa_63,opencode,PD,4,6.5,2169.75,0.3478820825997859,0.3940149625935162
gpqa_63,opencode,reason,16,0.0,363.0625,0.3478820825997859,0.3940149625935162
gpqa_63,zeroclaw,IC,1,3.0,443.0,0.142328925543166,0.0522133938706015
gpqa_63,zeroclaw,PD,6,2.6666666666666665,579.3333333333334,0.142328925543166,0.0522133938706015
gpqa_63,zeroclaw,reason,9,0.0,216.22222222222223,0.142328925543166,0.0522133938706015
gpqa_64,openclaw,RR,1,4.0,6638.0,0.4989507373023216,0.0599369085173501
gpqa_64,openclaw,reason,1,0.0,1526.0,0.4989507373023216,0.0599369085173501
gpqa_64,opencode,UN,2,2.0,4653.0,0.5213854927147162,0.4437086092715231
gpqa_64,opencode,reason,3,0.0,511.6666666666667,0.5213854927147162,0.4437086092715231
gpqa_64,zeroclaw,RR,1,4.0,3970.0,0.4814722566519698,0.072522159548751
gpqa_64,zeroclaw,reason,16,0.0,237.0,0.4814722566519698,0.072522159548751
gpqa_65,openclaw,UN,1,94.0,69508.0,0.0349087355608661,0.9157599551318004
gpqa_65,openclaw,reason,1,0.0,957.0,0.0349087355608661,0.9157599551318004
gpqa_65,opencode,reason,9,0.0,277.44444444444446,0.5007903288348966,0.2553191489361702
gpqa_65,zeroclaw,PD,1,2.0,102.0,0.2423546433797493,0.0061538461538461
gpqa_65,zeroclaw,RR,1,2.0,77.0,0.2423546433797493,0.0061538461538461
gpqa_65,zeroclaw,UN,2,4.0,152.0,0.2423546433797493,0.0061538461538461
gpqa_65,zeroclaw,reason,8,0.0,98.25,0.2423546433797493,0.0061538461538461
gpqa_66,openclaw,PD,2,3.0,2816.0,0.3316498918619055,0.0919931856899489
gpqa_66,opencode,PD,3,3.3333333333333335,2702.0,0.3586265614467149,0.4524564183835182
gpqa_66,opencode,reason,49,0.0,384.38775510204084,0.3586265614467149,0.4524564183835182
gpqa_66,zeroclaw,IC,1,2.0,25.0,0.3813120776862053,0.1365269461077844
gpqa_66,zeroclaw,PD,5,2.4,650.6,0.3813120776862053,0.1365269461077844
gpqa_66,zeroclaw,reason,11,0.0,151.45454545454547,0.3813120776862053,0.1365269461077844
gpqa_67,openclaw,PD,2,9.5,2435.0,0.3282653900470043,0.1362984218077474
gpqa_67,openclaw,RR,1,3.0,2116.0,0.3282653900470043,0.1362984218077474
gpqa_67,openclaw,reason,1,0.0,729.0,0.3282653900470043,0.1362984218077474
gpqa_67,opencode,PD,4,6.5,2066.5,0.3070232441885188,0.47736298649722
gpqa_67,opencode,reason,36,0.0,374.69444444444446,0.3070232441885188,0.47736298649722
gpqa_67,zeroclaw,PD,4,5.0,1561.0,0.2269193874940394,0.2122270742358078
gpqa_67,zeroclaw,RR,1,3.0,170.0,0.2269193874940394,0.2122270742358078
gpqa_67,zeroclaw,reason,12,0.0,128.0,0.2269193874940394,0.2122270742358078
gpqa_68,openclaw,PD,2,11.0,2745.5,0.336647300258996,0.0756302521008403
gpqa_68,opencode,PD,3,3.3333333333333335,2500.6666666666665,0.3218853746632877,0.449820788530466
gpqa_68,opencode,reason,24,0.0,384.7916666666667,0.3218853746632877,0.449820788530466
gpqa_68,zeroclaw,IC,1,2.0,25.0,0.3568329116429674,0.0765027322404371
gpqa_68,zeroclaw,PD,5,3.2,614.8,0.3568329116429674,0.0765027322404371
gpqa_68,zeroclaw,reason,11,0.0,135.72727272727272,0.3568329116429674,0.0765027322404371
gpqa_69,openclaw,PD,2,629.0,89175.5,0.0113270994736693,0.9879400260756191
gpqa_69,opencode,PD,3,39.333333333333336,3681.6666666666665,0.5403485019311629,0.4095962551199532
gpqa_69,opencode,reason,10,0.0,386.0,0.5403485019311629,0.4095962551199532
gpqa_69,zeroclaw,PD,13,8.461538461538462,571.8461538461538,0.451526281832686,0.0983858570330515
gpqa_69,zeroclaw,reason,4,0.0,119.25,0.451526281832686,0.0983858570330515
gpqa_7,openclaw,PD,2,4.5,1935.0,0.2813258133102296,0.1552287581699346
gpqa_7,openclaw,reason,8,0.0,355.25,0.2813258133102296,0.1552287581699346
gpqa_7,opencode,PD,3,6.666666666666667,1397.0,0.2617021879114087,0.3813559322033898
gpqa_7,opencode,reason,12,0.0,321.1666666666667,0.2617021879114087,0.3813559322033898
gpqa_7,zeroclaw,PD,1,6.0,965.0,0.1243065439832525,0.1197982345523329
gpqa_7,zeroclaw,UN,1,2.0,901.0,0.1243065439832525,0.1197982345523329
gpqa_7,zeroclaw,reason,15,0.0,168.73333333333332,0.1243065439832525,0.1197982345523329
gpqa_70,openclaw,PD,2,22.5,3679.5,0.4286777039941022,0.1424657534246575
gpqa_70,opencode,PD,3,14.333333333333334,2715.0,0.4155144174304294,0.4341894060995184
gpqa_70,opencode,reason,2,0.0,393.5,0.4155144174304294,0.4341894060995184
gpqa_70,zeroclaw,IC,1,2.0,25.0,0.4463763555402668,0.0985915492957746
gpqa_70,zeroclaw,PD,11,4.181818181818182,494.6363636363636,0.4463763555402668,0.0985915492957746
gpqa_70,zeroclaw,SE,1,2.0,162.0,0.4463763555402668,0.0985915492957746
gpqa_70,zeroclaw,reason,4,0.0,133.75,0.4463763555402668,0.0985915492957746
gpqa_71,openclaw,PD,6,7.333333333333333,2187.8333333333335,0.3169960800713849,0.1617933723196881
gpqa_71,openclaw,reason,4,0.0,887.0,0.3169960800713849,0.1617933723196881
gpqa_71,opencode,IC,1,2.0,393.0,0.3767594761817054,0.2453703703703703
gpqa_71,opencode,PD,3,2.0,2145.0,0.3767594761817054,0.2453703703703703
gpqa_71,opencode,reason,3,0.0,272.3333333333333,0.3767594761817054,0.2453703703703703
gpqa_71,zeroclaw,PD,8,2.0,878.75,0.053108368251616,0.0554870530209617
gpqa_71,zeroclaw,RR,1,2.0,251.0,0.053108368251616,0.0554870530209617
gpqa_71,zeroclaw,UN,2,2.0,221.5,0.053108368251616,0.0554870530209617
gpqa_71,zeroclaw,reason,6,0.0,231.0,0.053108368251616,0.0554870530209617
gpqa_72,openclaw,PD,1,24.0,4265.0,0.3411767492583164,0.1075837742504409
gpqa_72,openclaw,reason,1,0.0,1425.0,0.3411767492583164,0.1075837742504409
gpqa_72,opencode,PD,2,18.0,3594.0,0.4224224013881328,0.4681034482758621
gpqa_72,opencode,reason,4,0.0,454.25,0.4224224013881328,0.4681034482758621
gpqa_72,zeroclaw,IC,1,3.0,184.0,0.3149969000426488,0.2011784511784511
gpqa_72,zeroclaw,PD,5,8.4,973.0,0.3149969000426488,0.2011784511784511
gpqa_72,zeroclaw,UN,1,2.0,422.0,0.3149969000426488,0.2011784511784511
gpqa_72,zeroclaw,reason,10,0.0,224.8,0.3149969000426488,0.2011784511784511
gpqa_73,openclaw,IC,1,4.0,3835.0,0.3422792572563063,0.1042047531992687
gpqa_73,openclaw,reason,1,0.0,1588.0,0.3422792572563063,0.1042047531992687
gpqa_73,opencode,IC,2,2.0,3290.0,0.323368172419212,0.4727722772277227
gpqa_73,opencode,reason,4,0.0,495.0,0.323368172419212,0.4727722772277227
gpqa_73,zeroclaw,IC,3,2.0,228.0,0.3319573228362692,0.1486486486486486
gpqa_73,zeroclaw,PD,3,2.0,556.0,0.3319573228362692,0.1486486486486486
gpqa_73,zeroclaw,reason,11,0.0,211.1818181818182,0.3319573228362692,0.1486486486486486
gpqa_74,openclaw,RR,1,3.0,1443.0,0.2082823616296693,0.193158953722334
gpqa_74,openclaw,reason,7,0.0,564.5714285714286,0.2082823616296693,0.193158953722334
gpqa_74,opencode,reason,10,0.0,677.1,0.2386315997886819,0.462655601659751
gpqa_74,zeroclaw,PD,1,22.0,1790.0,0.159941296811128,0.1346704871060172
gpqa_74,zeroclaw,reason,16,0.0,136.5,0.159941296811128,0.1346704871060172
gpqa_75,openclaw,PD,1,18.0,3568.0,0.2253928061590437,0.1738197424892703
gpqa_75,openclaw,reason,1,0.0,1111.0,0.2253928061590437,0.1738197424892703
gpqa_75,opencode,PD,2,20.0,3265.0,0.3000254896247614,0.4581328200192492
gpqa_75,opencode,reason,2,0.0,368.0,0.3000254896247614,0.4581328200192492
gpqa_75,zeroclaw,PD,3,6.666666666666667,1008.0,0.3314078828890947,0.0859375
gpqa_75,zeroclaw,reason,14,0.0,128.0,0.3314078828890947,0.0859375
gpqa_76,openclaw,PD,6,3.6666666666666665,3097.8333333333335,0.2109893548204338,0.6125366568914956
gpqa_76,openclaw,reason,8,0.0,496.125,0.2109893548204338,0.6125366568914956
gpqa_76,opencode,IC,2,2.0,2461.5,0.5151858942943939,0.4702861335289802
gpqa_76,opencode,UN,1,2.0,3488.0,0.5151858942943939,0.4702861335289802
gpqa_76,opencode,reason,4,0.0,297.75,0.5151858942943939,0.4702861335289802
gpqa_76,zeroclaw,PD,1,6.0,3275.0,0.3453776147813298,0.1595092024539877
gpqa_76,zeroclaw,UN,2,3.0,437.5,0.3453776147813298,0.1595092024539877
gpqa_76,zeroclaw,reason,14,0.0,216.0,0.3453776147813298,0.1595092024539877
gpqa_77,openclaw,PD,2,26.0,9657.5,0.272887888730146,0.1927525057825751
gpqa_77,opencode,PD,3,17.333333333333332,5622.333333333333,0.4915637198666013,0.5210181257231007
gpqa_77,opencode,reason,1,0.0,404.0,0.4915637198666013,0.5210181257231007
gpqa_77,zeroclaw,PD,4,10.0,1798.0,0.4652201169127462,0.0974025974025974
gpqa_77,zeroclaw,RR,3,2.3333333333333335,123.0,0.4652201169127462,0.0974025974025974
gpqa_77,zeroclaw,reason,10,0.0,133.6,0.4652201169127462,0.0974025974025974
gpqa_78,openclaw,PD,2,38.0,5523.5,0.2747128381818966,0.1722925457102672
gpqa_78,opencode,PD,4,25.0,2497.0,0.3582157237282217,0.4966666666666666
gpqa_78,opencode,reason,3,0.0,272.3333333333333,0.3582157237282217,0.4966666666666666
gpqa_78,zeroclaw,PD,12,5.5,492.8333333333333,0.2600371260659406,0.1216341689879294
gpqa_78,zeroclaw,UN,1,2.0,518.0,0.2600371260659406,0.1216341689879294
gpqa_78,zeroclaw,reason,4,0.0,144.0,0.2600371260659406,0.1216341689879294
gpqa_79,openclaw,PD,2,11.0,3597.5,0.3423757078230233,0.114074074074074
gpqa_79,opencode,PD,3,22.0,4793.333333333333,0.4075878766828698,0.5141739980449658
gpqa_79,opencode,reason,1,0.0,404.0,0.4075878766828698,0.5141739980449658
gpqa_79,zeroclaw,PD,7,4.285714285714286,849.7142857142857,0.3232576006212901,0.1603942652329749
gpqa_79,zeroclaw,reason,10,0.0,165.5,0.3232576006212901,0.1603942652329749
gpqa_8,openclaw,PD,2,10.0,1880.0,0.2296389191739134,0.1819887429643527
gpqa_8,openclaw,reason,6,0.0,348.6666666666667,0.2296389191739134,0.1819887429643527
gpqa_8,opencode,PD,3,8.0,2108.6666666666665,0.2756594276614471,0.4534412955465587
gpqa_8,opencode,reason,11,0.0,318.8181818181818,0.2756594276614471,0.4534412955465587
gpqa_8,zeroclaw,PD,3,4.666666666666667,497.6666666666667,0.1571282690800328,0.0682852807283763
gpqa_8,zeroclaw,reason,14,0.0,148.92857142857142,0.1571282690800328,0.0682852807283763
gpqa_80,openclaw,PD,1,12.0,4047.0,0.2315628900865849,0.0961182994454713
gpqa_80,openclaw,reason,1,0.0,1589.0,0.2315628900865849,0.0961182994454713
gpqa_80,opencode,PD,2,22.0,4293.0,0.2829986174698919,0.4591467823571945
gpqa_80,opencode,reason,2,0.0,607.0,0.2829986174698919,0.4591467823571945
gpqa_80,zeroclaw,PD,5,5.6,953.0,0.2288800753008057,0.2009302325581395
gpqa_80,zeroclaw,reason,12,0.0,186.83333333333334,0.2288800753008057,0.2009302325581395
gpqa_81,openclaw,PD,2,1539.0,161565.0,0.0135346770369042,0.9855657662675208
gpqa_81,opencode,PD,3,52.0,6380.666666666667,0.6016334387715226,0.5221496005809731
gpqa_81,opencode,reason,1,0.0,404.0,0.6016334387715226,0.5221496005809731
gpqa_81,zeroclaw,PD,5,12.0,1976.8,0.5343961073475215,0.1084407971864009
gpqa_81,zeroclaw,RR,1,3.0,106.0,0.5343961073475215,0.1084407971864009
gpqa_81,zeroclaw,reason,11,0.0,100.54545454545455,0.5343961073475215,0.1084407971864009
gpqa_82,openclaw,PD,1,20.0,7527.0,0.3576922399683436,0.1187845303867403
gpqa_82,openclaw,reason,1,0.0,1521.0,0.3576922399683436,0.1187845303867403
gpqa_82,opencode,PD,1,83.0,24650.0,0.1858354617278911,0.7290473711608537
gpqa_82,opencode,reason,1,0.0,742.0,0.1858354617278911,0.7290473711608537
gpqa_82,zeroclaw,PD,6,6.166666666666667,1241.6666666666667,0.2872373178768846,0.13848295059151
gpqa_82,zeroclaw,reason,11,0.0,149.45454545454547,0.2872373178768846,0.13848295059151
gpqa_83,openclaw,PD,1,410.0,25711.0,0.1693718988797427,0.4597789771267026
gpqa_83,openclaw,reason,1,0.0,1651.0,0.1693718988797427,0.4597789771267026
gpqa_83,opencode,PD,2,58.0,4604.0,0.4210302918427575,0.4581151832460733
gpqa_83,opencode,reason,2,0.0,638.0,0.4210302918427575,0.4581151832460733
gpqa_83,zeroclaw,PD,12,5.333333333333333,366.9166666666667,0.3335580195165085,0.0868131868131868
gpqa_83,zeroclaw,reason,5,0.0,285.4,0.3335580195165085,0.0868131868131868
gpqa_84,openclaw,PD,2,26.5,3141.0,0.2689058029848064,0.0622837370242214
gpqa_84,opencode,PD,3,19.0,2400.3333333333335,0.2989039453262793,0.4282964388835418
gpqa_84,opencode,reason,1,0.0,404.0,0.2989039453262793,0.4282964388835418
gpqa_84,zeroclaw,PD,9,6.555555555555555,811.1111111111111,0.3825408245611574,0.0760697305863708
gpqa_84,zeroclaw,reason,8,0.0,153.125,0.3825408245611574,0.0760697305863708
gpqa_85,openclaw,PD,1,18.0,4780.0,0.376195648113842,0.0661654135338345
gpqa_85,openclaw,reason,1,0.0,1451.0,0.376195648113842,0.0661654135338345
gpqa_85,opencode,PD,2,10.0,5210.0,0.4012414789943274,0.5056446821152704
gpqa_85,opencode,reason,2,0.0,538.0,0.4012414789943274,0.5056446821152704
gpqa_85,zeroclaw,PD,3,4.666666666666667,1826.0,0.3991909293422946,0.1147410358565737
gpqa_85,zeroclaw,reason,14,0.0,151.92857142857142,0.3991909293422946,0.1147410358565737
gpqa_86,openclaw,RR,1,5.0,4811.0,0.4912522621534428,0.1211048158640226
gpqa_86,openclaw,UN,3,5.0,1577.6666666666667,0.4912522621534428,0.1211048158640226
gpqa_86,openclaw,reason,2,0.0,607.0,0.4912522621534428,0.1211048158640226
gpqa_86,opencode,PD,1,2.0,657.0,0.3701815780985594,0.462159434914228
gpqa_86,opencode,RR,2,5.0,2353.0,0.3701815780985594,0.462159434914228
gpqa_86,opencode,reason,4,0.0,252.5,0.3701815780985594,0.462159434914228
gpqa_86,zeroclaw,RR,2,2.5,222.5,0.433007876897333,0.1060480530240265
gpqa_86,zeroclaw,UN,1,6.0,4637.0,0.433007876897333,0.1060480530240265
gpqa_86,zeroclaw,reason,14,0.0,149.85714285714286,0.433007876897333,0.1060480530240265
gpqa_87,openclaw,PD,2,10.0,2691.0,0.348121709328153,0.0837359098228663
gpqa_87,opencode,PD,3,93.33333333333333,6942.666666666667,0.5275673867731454,0.5551724137931034
gpqa_87,opencode,reason,1,0.0,404.0,0.5275673867731454,0.5551724137931034
gpqa_87,zeroclaw,PD,8,5.25,544.75,0.4099481149614297,0.0606741573033707
gpqa_87,zeroclaw,RR,1,3.0,110.0,0.4099481149614297,0.0606741573033707
gpqa_87,zeroclaw,UN,1,2.0,112.0,0.4099481149614297,0.0606741573033707
gpqa_87,zeroclaw,reason,7,0.0,83.0,0.4099481149614297,0.0606741573033707
gpqa_88,openclaw,PD,2,29.0,7107.0,0.2134767858369051,0.2432712215320911
gpqa_88,opencode,PD,3,8.666666666666666,3171.3333333333335,0.4511020356220128,0.5009953550099535
gpqa_88,opencode,reason,1,0.0,404.0,0.4511020356220128,0.5009953550099535
gpqa_88,zeroclaw,PD,9,2.6666666666666665,398.44444444444446,0.3839685041457466,0.1311084624553039
gpqa_88,zeroclaw,SE,1,4.0,287.0,0.3839685041457466,0.1311084624553039
gpqa_88,zeroclaw,reason,7,0.0,188.85714285714286,0.3839685041457466,0.1311084624553039
gpqa_89,openclaw,PD,2,16.0,4129.5,0.2855514532895876,0.0936416184971098
gpqa_89,opencode,PD,3,14.0,4165.666666666667,0.3034443713665349,0.5155913978494624
gpqa_89,opencode,reason,1,0.0,404.0,0.3034443713665349,0.5155913978494624
gpqa_89,zeroclaw,PD,4,7.0,1340.5,0.2519142311992777,0.1153081510934393
gpqa_89,zeroclaw,reason,13,0.0,93.07692307692308,0.2519142311992777,0.1153081510934393
gpqa_9,openclaw,PD,2,6.0,54483.5,0.0404943471064899,0.9453320164991575
gpqa_9,openclaw,reason,2,0.0,828.5,0.0404943471064899,0.9453320164991575
gpqa_9,opencode,PD,2,4.0,4633.0,0.4178353698564436,0.4573170731707317
gpqa_9,opencode,reason,2,0.0,580.5,0.4178353698564436,0.4573170731707317
gpqa_9,zeroclaw,PD,1,2.0,3674.0,0.3481542324609777,0.0826161790017211
gpqa_9,zeroclaw,RR,1,3.0,162.0,0.3481542324609777,0.0826161790017211
gpqa_9,zeroclaw,reason,15,0.0,212.2,0.3481542324609777,0.0826161790017211
gpqa_90,openclaw,PD,2,20.0,3162.5,0.0946557995575227,0.0973451327433628
gpqa_90,openclaw,reason,6,0.0,258.1666666666667,0.0946557995575227,0.0973451327433628
gpqa_90,opencode,PD,3,14.666666666666666,1397.6666666666667,0.2913115640831553,0.430045871559633
gpqa_90,opencode,reason,7,0.0,302.2857142857143,0.2913115640831553,0.430045871559633
gpqa_90,zeroclaw,PD,8,3.5,554.75,0.4116293696556399,0.0766062602965403
gpqa_90,zeroclaw,RR,1,3.0,556.0,0.4116293696556399,0.0766062602965403
gpqa_90,zeroclaw,reason,8,0.0,302.375,0.4116293696556399,0.0766062602965403
gpqa_91,openclaw,PD,2,12.5,2662.0,0.1781724972787597,0.0667938931297709
gpqa_91,opencode,PD,3,19.666666666666668,2520.3333333333335,0.4080325905813483,0.4430590191188694
gpqa_91,opencode,reason,1,0.0,404.0,0.4080325905813483,0.4430590191188694
gpqa_91,zeroclaw,PD,7,5.285714285714286,436.85714285714283,0.358702720095099,0.0535714285714285
gpqa_91,zeroclaw,RR,1,3.0,53.0,0.358702720095099,0.0535714285714285
gpqa_91,zeroclaw,reason,9,0.0,165.0,0.358702720095099,0.0535714285714285
gpqa_92,openclaw,UN,1,6.0,3832.0,0.2122558105244578,0.1226252158894646
gpqa_92,openclaw,reason,1,0.0,1368.0,0.2122558105244578,0.1226252158894646
gpqa_92,opencode,PD,2,2.0,2670.0,0.3887723628385044,0.4680851063829787
gpqa_92,opencode,reason,2,0.0,496.0,0.3887723628385044,0.4680851063829787
gpqa_92,zeroclaw,IC,1,2.0,25.0,0.3863524404838693,0.1395348837209302
gpqa_92,zeroclaw,PD,2,2.0,303.0,0.3863524404838693,0.1395348837209302
gpqa_92,zeroclaw,reason,14,0.0,296.92857142857144,0.3863524404838693,0.1395348837209302
gpqa_93,openclaw,PD,2,23.0,3939.5,0.1465349681999294,0.1353305785123967
gpqa_93,opencode,PD,3,60.666666666666664,5772.0,0.3541767138243635,0.5706605222734255
gpqa_93,opencode,reason,1,0.0,404.0,0.3541767138243635,0.5706605222734255
gpqa_93,zeroclaw,IC,1,4.0,90.0,0.2726045286924088,0.1461232604373757
gpqa_93,zeroclaw,PD,7,9.142857142857142,808.2857142857143,0.2726045286924088,0.1461232604373757
gpqa_93,zeroclaw,reason,9,0.0,76.11111111111111,0.2726045286924088,0.1461232604373757
gpqa_94,openclaw,PD,2,468.0,115094.0,0.0107074688549672,0.9850928885337596
gpqa_94,opencode,PD,3,22.0,2391.6666666666665,0.3376582604563471,0.4860111910471623
gpqa_94,opencode,reason,1,0.0,404.0,0.3376582604563471,0.4860111910471623
gpqa_94,zeroclaw,PD,10,5.2,645.7,0.2852037103172848,0.1213872832369942
gpqa_94,zeroclaw,reason,7,0.0,56.857142857142854,0.2852037103172848,0.1213872832369942
gpqa_95,openclaw,PD,1,32.0,4722.0,0.1125523458734713,0.0884244372990353
gpqa_95,openclaw,reason,1,0.0,1118.0,0.1125523458734713,0.0884244372990353
gpqa_95,opencode,PD,2,40.0,4898.0,0.3927709816539155,0.4600262123197903
gpqa_95,opencode,reason,2,0.0,371.5,0.3927709816539155,0.4600262123197903
gpqa_95,zeroclaw,PD,8,4.5,496.75,0.3494152317838507,0.0421940928270042
gpqa_95,zeroclaw,reason,9,0.0,203.55555555555554,0.3494152317838507,0.0421940928270042
gpqa_96,openclaw,PD,1,4528.0,299704.0,0.016213995496511,0.97815070015559
gpqa_96,openclaw,reason,1,0.0,1123.0,0.016213995496511,0.97815070015559
gpqa_96,opencode,PD,1,192.0,21170.0,0.1455279815742773,0.7357659641396666
gpqa_96,opencode,reason,1,0.0,344.0,0.1455279815742773,0.7357659641396666
gpqa_96,zeroclaw,PD,5,30.4,4702.2,0.2355226595878738,0.2577934399566278
gpqa_96,zeroclaw,RR,3,2.3333333333333335,91.66666666666667,0.2355226595878738,0.2577934399566278
gpqa_96,zeroclaw,reason,9,0.0,91.0,0.2355226595878738,0.2577934399566278
gpqa_97,openclaw,PD,2,87.0,8451.0,0.1954786471236506,0.3033707865168539
gpqa_97,opencode,PD,3,32.666666666666664,2723.6666666666665,0.3214990749505912,0.4709351305812974
gpqa_97,opencode,reason,1,0.0,404.0,0.3214990749505912,0.4709351305812974
gpqa_97,zeroclaw,PD,10,9.0,647.6,0.3997389567722751,0.0945319740500463
gpqa_97,zeroclaw,RR,1,2.0,122.0,0.3997389567722751,0.0945319740500463
gpqa_97,zeroclaw,reason,6,0.0,89.66666666666667,0.3997389567722751,0.0945319740500463
gpqa_98,openclaw,PD,1,9.0,7092.0,0.349845809828673,0.1048632218844984
gpqa_98,openclaw,SE,1,4.0,1439.0,0.349845809828673,0.1048632218844984
gpqa_98,openclaw,reason,2,0.0,961.0,0.349845809828673,0.1048632218844984
gpqa_98,opencode,PD,2,6.0,5429.0,0.4479854656782883,0.5375128468653648
gpqa_98,opencode,reason,2,0.0,346.5,0.4479854656782883,0.5375128468653648
gpqa_98,zeroclaw,PD,3,4.0,2188.6666666666665,0.4587486914240081,0.1487702459508098
gpqa_98,zeroclaw,RR,1,3.0,299.0,0.4587486914240081,0.1487702459508098
gpqa_98,zeroclaw,reason,13,0.0,218.0,0.4587486914240081,0.1487702459508098
gpqa_99,openclaw,PD,1,24.0,4861.0,0.336355476853824,0.0712121212121212
gpqa_99,openclaw,reason,1,0.0,1263.0,0.336355476853824,0.0712121212121212
gpqa_99,opencode,PD,2,26.0,4287.0,0.3934808564617649,0.4661818181818182
gpqa_99,opencode,reason,2,0.0,444.0,0.3934808564617649,0.4661818181818182
gpqa_99,zeroclaw,PD,2,7.0,1383.5,0.2935030346065825,0.0814606741573033
gpqa_99,zeroclaw,reason,15,0.0,103.2,0.2935030346065825,0.0814606741573033
